id,age_range,birthday,gender,first_name,last_name,location_id,location_name,home_town_id,home_towm_name
Brazil,23,3/8/1988,Male,Nickie,Engelbrecht,185812527103114.1,Simões Filho,858708195254613,Rio das Pedras
Croatia,42,9/11/1998,Male,Cornelius,Collyear,955345369831935.9,Čačinci,169327461809901,Taungoo
Sweden,50,3/5/1985,Female,Melody,Farnsworth,866944315457282.9,Angered,558454359719092,Feni
Philippines,76,7/1/1962,Female,Datha,Goathrop,179853854431750.6,Santo Tomas,178781477643012,Rowotengah
China,74,4/16/1963,Female,Edna,Winspur,523665789420372.8,Chengguan,537106618673391,Kahabe
United States,77,12/12/1962,Female,Zonnya,Safell,401420007892155.4,Indianapolis,718756853624163,Tisul’
China,55,8/7/1983,Female,Pavla,Smythe,301772049304860.5,Hepo,973092199843164,Jasienica
Indonesia,43,12/12/1960,Female,Flossi,Duddin,282438102263263.1,Lewokluok,684368343805152,Maasin
China,53,8/17/1970,Female,Viki,Govan,592708099952326.0,Qijing,814136698683755,Tomdibuloq
Indonesia,39,9/8/1974,Male,Aguistin,Bleier,274622737119664.7,Wolowona,714258265371463,Yuhuazhai
Syria,21,6/21/2013,Male,Colin,Yerrell,797434112780778.6,Aţ Ţawāḩīn,297489096078203,Cergy-Pontoise
China,54,11/17/1956,Female,Rheta,Woodfine,226882570146176.4,Qianxu Zhen,417734145933085,Liulin
Sudan,46,4/16/2001,Female,Stephi,Giannotti,749229373013731.3,Tandaltī,388704298482520,North Little Rock
Zimbabwe,33,8/11/2010,Female,Dalia,Grievson,418309767106238.9,Bindura,830383880509971,Batang
Ukraine,25,6/7/1959,Female,Frank,Pencott,739841733897301.8,Lymanske,128239167847243,Lishan
Russia,28,1/26/1982,Male,Cris,Burrows,487285996726362.0,Kingisepp,840861999891121,Bukonyo
China,50,5/11/1996,Male,Ly,Lytle,921606263540003.8,Yuncheng,702463457362216,Kuala Lumpur
Indonesia,86,3/22/1968,Female,Tori,Hurdwell,477448336648968.6,Sendangrejo,147434368516552,Budapest
Poland,86,3/2/1978,Male,Scot,Fossett,959524504586715.1,Uherce Mineralne,183128914453479,Jinshiqiao
Portugal,28,7/4/1972,Female,Natalya,Byas,999080393948654.0,Boavista,436645229731794,Genang
China,52,3/8/1986,Female,Cammi,Wrightham,683207847600745.0,Gusang,810833208870114,København
China,81,11/6/1972,Female,Janette,Giles,750421446867820.4,Dahao,454033956659027,Mercaderes
Italy,64,2/17/1983,Female,Gaylene,De Ruel,898281062758764.8,Verona,199329687662167,Topi
Mexico,69,8/14/2012,Female,Liliane,Shucksmith,442083040673113.9,San Jose,854642391654175,Kiviõli
France,58,2/21/1993,Male,Noak,Skim,488298438909197.5,Élancourt,147879023072861,Bečmen
Russia,63,3/1/1980,Male,Thadeus,Brusby,628260083606472.8,Baklashi,704824668479346,Austin
Czech Republic,25,4/20/1984,Female,Lily,Lamberth,808616488211364.9,Rumburk,271059166668139,Libertad
Poland,33,10/17/2016,Female,Liesa,Le Marchant,364058994906397.4,Baligród,381556080859998,Shizukuishi
Czech Republic,12,6/26/2016,Male,Ambrosi,Tessington,435955484485686.3,Sudoměřice,173007509617001,Oklahoma City
Madagascar,54,7/25/1971,Female,Darsey,Judson,369675334455293.6,Antalaha,659642088471160,San Carlos
Russia,91,10/23/1997,Female,Robenia,Mulder,848078746407293.8,Khorinsk,474754409175587,Jiangyan
Thailand,99,10/6/2013,Female,Saraann,Pim,624103753741510.0,Lom Sak,949653032501321,Laventille
Poland,47,9/18/1960,Male,Ravi,Bloodworthe,360673514219673.6,Bogoria,136073552651739,Boca Raton
Japan,97,2/8/2008,Female,Hephzibah,Arckoll,959576870715692.0,Iiyama,980410256327714,Puger
Russia,40,7/22/1968,Female,Lari,Piffe,615668817955467.8,Sechenovo,116989965090476,Zhongshu
China,92,1/1/1967,Female,Kathie,Carlett,726847821289823.3,Weixin,750852305955357,Umeå
Israel,32,12/10/1982,Male,Lindsay,Aubury,574957721785799.8,Nahariya,349645027303782,Saint-Augustin-de-Desmaures
Moldova,19,6/5/1956,Male,Konstantine,Walford,648469966609944.8,Criuleni,765629527167764,Kota Kinabalu
China,17,1/29/2003,Male,Delainey,Castiello,727246971847060.8,Nanchangshan,948873827400771,Vrýses
Indonesia,72,11/11/1964,Male,Natale,Lyfe,587254622558159.1,Pasararba,647700885604357,Gongchang Zhen
Russia,100,10/3/1981,Female,Lila,Lemin,896391800220819.9,Biskamzha,307387940028962,Mauponggo
Russia,55,12/6/2000,Male,Chase,Bisatt,137554545610701.6,Khvorostyanka,244946568742413,Labé
China,42,10/27/2012,Male,Rafael,Ind,879100227855779.8,Sidu,689954632718233,Fengshan
Mexico,89,11/28/2005,Male,Donn,Ivancevic,944759091303016.5,Jardin,875201962155773,Santa Lucía
Bangladesh,98,6/5/2017,Male,Jessee,Letertre,203072029912841.8,Shibganj,364168215962555,Colomiers
Cuba,76,9/2/1997,Male,Towney,Tupper,717608364287564.5,Guáimaro,809600648536534,Meia Via
Indonesia,39,1/28/1972,Male,Tobin,Carswell,305809583789907.4,Dusun Tengah Cihaurbeuti,374012222917871,Bojonggaling
China,48,10/13/1987,Female,Lorena,Morcombe,900098162757966.8,Hejiang,150365239822477,Paços
China,10,5/16/2018,Female,Georgena,Cormode,480914373379880.1,Nanlin,315676308702608,Montreuil
Democratic Republic of the Congo,96,6/16/1996,Male,Morris,MacVean,235812683822514.4,Matadi,837767367393812,Farap
Indonesia,83,5/11/1957,Female,Twyla,Puxley,430216816642631.3,Jambuwerkrajan,364437220062040,Kontiolahti
Portugal,76,4/3/2017,Female,Alli,Presnell,207769979898304.3,Serra de Água,914756169955538,Cambrai
Italy,50,3/6/2014,Male,Humbert,Fattorini,689731160493334.4,Bologna,391655454153521,Shibushi
China,41,7/24/2017,Female,Julianne,Cuddy,370720186638385.0,Hengshan,371397834858067,Brooklyn
Argentina,85,1/4/1958,Male,Dolf,Gobell,205345344491705.3,Pozo Hondo,714448439051067,Pran Buri
Sweden,63,6/24/2017,Male,Godfry,Youles,443309824499454.2,Mora,566057157310416,Nampula
Indonesia,30,3/15/1956,Male,Lemuel,Casseldine,557461163157277.2,Halimpu,800289597727271,Tuapukan
China,12,10/3/1974,Female,Christa,Arlidge,136342470967392.7,Mabu,764762670533103,Gongchenqiao
Nigeria,61,6/27/1978,Male,Wittie,Satterley,823803381281331.6,Kujama,275719516474885,Qiaolin
Indonesia,98,11/13/1986,Female,Mady,Lankester,568516051754242.8,Kudang,781219288313475,San Antonio
Morocco,71,5/24/1979,Female,Amii,Scrafton,117961978550203.1,Talzemt,881342525938590,Ban Bueng
Argentina,84,9/9/1967,Male,Stearne,Trevena,932578806004513.5,Villa General Belgrano,332393688732555,Ratenggoji
Philippines,78,8/31/2003,Male,Baron,Gibbon,755554782705633.0,Balogo,714524224194375,Wujing
Kyrgyzstan,53,10/6/2002,Female,Timmie,Brunini,763084393070328.4,Karakol,603170750821825,Matanzas
Mongolia,23,5/25/1970,Male,Jarrod,Eastup,732709544070666.0,Hongor,609118756402961,Iraquara
Peru,69,3/26/1973,Female,Daveta,Clougher,995896903052082.4,Curahuasi,468871836097195,Dabola
Czech Republic,28,11/25/2008,Male,Gilberto,Impy,101735539195361.3,Nová Paka,290122077470392,Pirojpur
Japan,74,5/21/1960,Male,Earvin,Luff,718831398376470.1,Masaki-chō,880397059758517,Pensilvania
Ethiopia,42,8/4/1995,Male,Moises,Berfoot,924314358748281.4,Dire Dawa,486962556988308,Jorong
Canada,77,11/23/1990,Female,Mufinella,Gavey,379467733289200.6,Greenwood,442612471546445,Los Andes
Comoros,13,1/9/1990,Male,Cornell,Worlidge,616300452894218.6,Hajoho,463501864714352,Xinzhai
Philippines,58,9/4/1967,Female,Adda,Brant,237263759360132.7,Bone South,103188573639893,Deba Habe
Ukraine,45,11/3/1996,Male,Moise,Belloch,510373688630678.2,Vorzel’,686845181913731,Níkaia
South Korea,25,11/24/1962,Male,Bryan,Giovannelli,725951341519757.4,Hwawŏn,347978140468968,Moinhos
Brazil,51,12/23/1965,Male,Pip,Antonikov,586762083085062.5,Varginha,905144094529107,San Juan
China,27,7/16/1986,Female,Daryn,Boorman,269734035663947.2,Yantai,115585394912295,Locminé
Indonesia,76,1/26/2006,Male,Wiley,Giriardelli,250991897420726.6,Andekantor,367813929839099,Barreiro do Jaíba
Japan,55,1/3/1987,Male,Clerkclaude,Stegell,921396746799614.1,Kamogatachō-kamogata,348123389981575,Caucagüito
Indonesia,79,11/4/1994,Male,Clemmy,Hebditch,834955929920852.4,Margahayu,455265993508788,Vila Velha de Ródão
Sweden,19,1/11/1958,Female,Wynne,Ornillos,371674694077243.8,Valdemarsvik,869077979634166,Longjumeau
Japan,63,3/18/1959,Female,Trula,Ruperto,974214718361096.1,Isesaki,502205952449194,Wanmu
Russia,25,10/7/1978,Female,Janet,Newson,918898556796405.1,Issa,914503717846956,Xarrë
Honduras,34,12/27/1996,Male,Jdavie,Glyde,344569155816889.4,Liure,192479331529973,Canillo
Greece,45,10/29/1996,Female,Jemimah,MacIntyre,576800827901011.5,Kyriáki,497055280094043,Fréjus
Thailand,35,7/5/1957,Female,Hanny,Need,976460755591875.6,Yarang,150144208982233,Chaoyang
China,77,3/16/2005,Female,Janene,Reboul,610206446515548.4,Xishan,158759145307853,Montluçon
China,21,5/20/2017,Female,Meagan,Malan,667908965361853.6,Nansheng,762673724132790,Soeng Sang
Indonesia,67,7/23/1960,Male,Shay,Ebi,863302762441888.9,Kadukaung,560417814499097,Kurkino
Japan,56,10/19/1962,Female,Susanetta,Epperson,598256957561548.9,Okayama-shi,931915810964137,Tilburg
China,87,6/18/2005,Female,Alexis,Joseff,339215875364134.8,Majia,544237330641866,Charlotte
Indonesia,97,11/20/1970,Male,Shurwood,Rigate,968770741044302.1,Cigadog,597894657759668,Lapa
French Polynesia,32,6/7/1965,Male,Adlai,Boullin,558389880464706.4,Faaa,710206619948471,Kitāf
Kyrgyzstan,30,3/30/1961,Female,Maisey,Itskovitz,854036756118942.3,Tokmok,818413953467606,Kokkári
Poland,34,10/20/1965,Female,Vanna,Sindle,781129101816666.4,Mrozy,839952888792026,Kyzyldzhar
Suriname,83,5/18/2001,Male,Reube,Vasenin,129451211885503.3,Albina,814094913711218,Bieliny
China,19,8/7/1963,Male,Farleigh,Marciek,976824892199627.5,Jingzhou,963274122041144,North Shore
Ukraine,44,2/17/1981,Male,Averil,McGerraghty,828824225792183.0,Mizoch,495416568212925,Nova Praha
Suriname,74,11/3/2005,Male,Clemens,Fearnside,372864711785029.4,Nieuw Nickerie,488329463874125,Kovel’
Indonesia,27,4/26/1956,Male,Kelby,Mathan,243046097152288.5,Sifala,531857448427522,Troitskoye
Guatemala,96,4/26/1957,Male,Julie,Gellibrand,333515703549574.8,Cuilco,619611371546761,Gainesville
Thailand,75,6/19/2007,Male,Maurice,Kleeborn,339463571570751.6,Prachin Buri,250590523320415,Asaka
China,77,8/5/2008,Female,Jodee,Spencock,598568976935533.8,Xiamao,938105015310935,Ruangwa
Czech Republic,31,7/13/1968,Male,Neal,Snalom,517336689347019.8,Plesná,132769185220861,Qiaosi
Macedonia,39,11/8/1987,Male,Brennan,Pemberton,187685629373703.7,Радишани,202517596473459,Chilly-Mazarin
Myanmar,17,6/27/1998,Female,Carie,Parr,981696323172832.0,Nyaungdon,405604120703797,Nayoro
Philippines,52,9/29/1979,Male,Adolphe,Quigg,644926057064101.0,San Francisco,795661743308504,Nugas
Armenia,14,7/2/2003,Female,Louise,Acock,519243933432077.3,Drakhtik,450161832136307,Zambrów
Croatia,59,5/23/1958,Female,Amata,Klagges,225736597617846.4,Garešnica,449046817501114,Bologna
Indonesia,100,4/3/2013,Female,Valry,Pritchitt,392426362256202.2,Kuala Tuha,664310473966743,Ekpoma
Panama,53,4/21/1999,Male,Darrick,Kirsche,949914594260492.3,El Copé,176887011713174,Tepusteca
France,56,3/1/1973,Male,Torrey,Jeary,574723351891355.1,Champigny-sur-Marne,840329470179606,Slobidka
Micronesia,60,10/25/1965,Female,Eugenie,Olczyk,725123627086340.5,Fais,198658707840965,Nglego
Poland,13,7/6/1994,Male,Keary,Lippett,757131666581215.4,Kamień Pomorski,167299196397949,Hannover
Indonesia,34,7/19/1994,Male,Hershel,Gerckens,730787193145208.4,Komes,907252815007178,Dalai
Indonesia,54,3/13/1990,Female,Darla,Dunn,910173301096596.1,Waitenepang,849709182680744,Boksitogorsk
Sweden,89,8/30/1986,Male,Jakie,Southwick,954439716447395.6,Bromma,626979967288129,Dongjia
Portugal,18,2/19/1983,Female,Terri,Clace,329875158629526.8,Ermelo,869447688175203,Aurora
Finland,79,7/28/1997,Female,Cori,Cancellario,940546397345197.4,Karkkila,969307043543916,Cahors
Tunisia,63,2/18/1988,Male,Delbert,Mullard,769312467892623.8,Bi’r al Ḩufayy,646897220260883,Hwawŏn
Vietnam,68,5/10/1996,Female,Joli,Osment,130702785969595.3,Phú Mỹ,416193821601357,New Washington
China,10,3/12/1992,Female,Carolin,Assaf,958023702777205.6,Shanling,685789858253392,Baie-Comeau
Brazil,79,6/27/1960,Male,Findley,Tatem,867474963656631.3,Itápolis,580368455218029,Larache
Portugal,87,3/1/1999,Female,Shayna,Coleshill,432762121033468.6,Lagos da Beira,545796349665865,Datar
Kazakhstan,57,9/21/1988,Female,Lyn,McPike,780146500852673.5,Arkalyk,641245857439531,Balykchy
Cambodia,37,5/13/1960,Female,Carolan,Adolphine,437136970554603.8,Svay Rieng,608040353838340,Cadiz
Mexico,97,6/15/1982,Female,Jenn,Davie,792341892432787.0,Los Pinos,809546735140317,Markowa
China,56,8/24/1973,Male,Stacy,Ruddock,963685338549700.0,Tuodian,163526136834493,Paris 09
Thailand,75,9/15/2010,Female,Blake,Pray,748048397969538.3,Saba Yoi,421632227390898,Famaillá
Nigeria,89,10/8/1999,Female,Honoria,Firidolfi,312327739340010.7,Port Harcourt,523977360377371,Sirre
Portugal,14,4/26/2005,Male,Chickie,Swinn,863199316177239.5,Canedo,581753504478227,Upton
Philippines,45,2/11/1977,Female,Dasya,Penner,727651098697623.9,Nuing,112077524140535,Palmas Bellas
Argentina,46,8/8/1997,Female,Lusa,McKeag,173390173885819.6,San Antonio,219006533366547,Itatuba
Philippines,62,3/10/1968,Male,Dimitry,Tanner,501499525575229.3,President Roxas,376705354660282,San Francisco
Indonesia,67,11/24/1989,Male,Finley,Janecki,201431447576680.0,Seseng,984373678107019,Studzienice
Poland,93,6/11/1964,Male,Carrol,Georghiou,327848140776086.3,Szczawnica,741338951679870,Kudymkar
Poland,34,1/28/1990,Female,Halley,Aireton,389802377049070.8,Wyszków,372746674524073,Nizhniy Ufaley
Egypt,31,10/29/2002,Male,Gabe,Corkitt,520973218006989.7,Dayr Mawās,987504379799391,Maramag
Slovenia,55,1/2/1978,Female,Mariejeanne,Kliche,495157556666356.6,Ravne,388182379209075,Baipu
Pakistan,99,7/26/2013,Male,Prent,Blackler,765135417473042.4,Jalālpur,908737003386921,Mondorf-les-Bains
Cameroon,95,1/23/2016,Female,Johnette,Mulliner,413091570013293.3,Tibati,220600704650823,Malāyer
Brazil,29,10/17/1993,Female,Amandy,Heeley,827789163762174.1,Casimiro de Abreu,106554066073885,Lüxiang
Cambodia,28,2/4/2008,Female,Teriann,Cowling,975736861589148.8,Prey Veng,350373471542689,Wangdain
Croatia,65,1/8/1967,Female,Ellyn,Castard,475782638534625.1,Biograd na Moru,317021119772361,Zhanaozen
China,92,7/31/2011,Female,Nelia,Winsborrow,761584686030218.8,Suyang,595436853943186,Saniwonorejo
China,13,5/2/1993,Male,Davidde,Romaines,148126523637266.5,Ludishan,679165805541870,Natu
Indonesia,80,12/29/1989,Female,Hephzibah,Loghan,881175224713110.5,Bokat,799245681136860,Spytkowice
Brazil,96,11/16/1968,Female,Phyllida,Castellanos,903306020298035.1,Chapadinha,220192041981505,Avignon
Greece,15,11/26/1978,Female,Saudra,Serginson,961086190380146.9,Vágia,277437115696654,Pulau Pinang
Greece,94,3/28/1965,Female,Denise,Ronaghan,784181929132368.6,Chaniá,960118419551293,Zaymishche
Poland,25,12/27/1980,Female,Katharina,Fancutt,844167352239003.6,Szynwałd,386992665767367,Kunyang
Samoa,27,12/15/1970,Male,Cyrus,Collelton,395856908688671.3,Solosolo,112262820519339,Seixo de Manhoses
Poland,97,4/6/1972,Male,Caesar,Pimlett,831590545572854.4,Świdwin,479778391825786,Qikeshu
Mexico,100,3/20/1958,Male,Aluin,Naile,798050999009349.5,5 de Mayo,757761563264110,Nkurenkuru
Indonesia,46,11/23/1988,Male,Clive,Symers,629228810832019.3,Anjirmuara,644937580753698,Kashihara
China,11,1/28/2010,Male,Bartolemo,Leverington,889222776098675.3,Maojiadian,781248545824885,Sakété
Chile,27,4/11/2004,Female,Maryrose,Kemmis,301592579201098.5,Panguipulli,592246784384229,Karlskoga
China,43,4/30/1983,Male,Isidoro,Adamides,219683057776659.9,Taojiahe,132365131707173,Yahil’nytsya
China,47,8/30/1988,Male,Randolph,Wollen,597587215852900.9,Qixingtai,851486943858069,Kuching
Lesotho,49,2/14/2003,Female,Dayna,Senner,329784050368894.3,Maputsoe,348070259102982,Lolayan
Serbia,87,11/8/2013,Female,Zelda,Murrum,159163506741979.8,Nova Varoš,350413883187080,Cancela
Malaysia,98,11/22/1988,Female,Verena,Barnsley,836660912469550.4,Kota Kinabalu,691026417665938,Xiangdong
Tunisia,89,2/2/1973,Male,Merwyn,Hurich,948896322321720.0,Midoun,480211524827299,Sankeyushu
Sweden,49,7/7/2012,Male,Lazar,Burdin,541767180692149.0,Eksjö,361320627909679,Sukadami
China,95,8/1/2016,Male,Rik,Trippack,870996282157779.3,Hengdaohezi,335792315881113,Lakki Marwat
Peru,56,4/10/1972,Female,Gerianna,Duffer,561250152801379.4,Mochumí,392499018322522,Hedaru
China,54,3/31/2017,Male,Thoma,Fiennes,749379684208313.6,Hangkou,875891265545809,Montgomery
Philippines,93,11/2/1984,Female,Kinna,Darwen,719812703696568.8,Manalad,481056375614318,Aveleda
Norway,87,7/1/1964,Female,Alikee,Lindstedt,790958750278231.9,Mosjøen,643424183675059,Joal-Fadiout
United States,86,11/20/2005,Male,Obediah,Jorczyk,453603393981317.9,Hyattsville,644898619021654,Batiovo
Indonesia,49,5/17/1982,Male,Zaccaria,Saller,375846715538617.3,Kertasari,103524141659215,Karungdong
Indonesia,67,10/19/1978,Female,Nathalia,Mix,715011535192375.9,Lancar,572552741102299,Helmsange
Japan,52,5/25/1976,Female,Missy,Goult,499685582754304.0,Youkaichi,223999678478736,Camingawan
China,51,5/2/2008,Female,Melba,Mazzeo,673229762072805.5,Xinwu,421638798336559,Gaotian
Philippines,93,12/11/1972,Female,Caro,Warlock,870727496882597.1,Himaya,114203163094054,Fredericton
Iraq,57,12/3/2010,Male,Faber,Pieters,984085173645675.4,Ar Ruţbah,221721766516975,Dushanbe
Albania,39,3/8/1982,Male,Renado,Norcliff,982727054614165.8,Gurra e Vogël,847031329621645,Vallenar
Japan,98,3/10/1995,Female,Lina,Crooke,481651179159608.3,Yugawara,953692532790422,Lasiana
China,99,4/17/2001,Female,Paule,Chaters,151459122162550.7,Hongqi,663787233865295,Fort Wayne
Russia,12,5/16/1958,Male,Lemmy,Lighten,277879490659499.7,Vostryakovo,413608676556459,Kotovo
Luxembourg,91,6/17/2011,Female,Pandora,De Dei,665899795436489.1,Bous,660141713806757,Banjar Pangkungkarung Kangin
Faroe Islands,39,6/21/2003,Female,Gilligan,Peck,528425671937010.5,Tvøroyri,355312938104146,Sakhipur
New Caledonia,19,5/17/2010,Female,Jannel,Gifkins,524916346774573.4,Ouégoa,338012803956330,Panaitólion
Brazil,22,3/14/1984,Female,Lelah,Farquharson,744083379041904.9,Curitiba,160774931398515,Nerk’in Getashen
Poland,92,11/29/2002,Male,Wood,Hampton,927729425627721.9,Skrzyszów,761364110188634,Beausejour
Saudi Arabia,62,8/21/2012,Female,Sofia,Trinke,143354787416544.7,Unaizah,919760366523926,Mała Wieś
China,30,9/22/2008,Male,Andy,Kob,738369037357875.4,Fengdian,110117994535475,Tianzhu
Indonesia,58,6/29/1989,Female,Arabela,Coppledike,125575639017351.6,Bulupayung,907314048759641,Sambirobyong
Indonesia,58,9/11/1985,Female,Chad,Qualtro,103512487153377.2,Krajan Winong,638942838023069,Verbivka
Mexico,69,6/3/1996,Male,Kristian,Huxton,146373780514045.8,San Cristobal,276969037004527,Tarragona
Philippines,100,9/12/1963,Female,Monica,MacCaffrey,161972953961492.3,Libuganon,958947844169013,Kelapa
Venezuela,10,9/22/1976,Male,Chris,Yegorchenkov,402249047528553.6,La Asunción,825593688537702,Žatec
Peru,19,12/17/1975,Male,Romain,Molineux,231602687496783.8,Mangas,692852174483408,Clarence-Rockland
Poland,49,8/28/2002,Female,Alayne,Murdoch,845094295176163.9,Przemęt,944908606418573,Taclobo
Palestinian Territory,62,12/3/1990,Male,Aldon,Wands,430175238970503.2,Kafr Zībād,748225427634020,Masjid
China,75,3/29/2011,Female,Mariam,Nunan,102403246254766.9,Tewulike,663529498806165,Sumberrojokrajan
Indonesia,63,7/13/1990,Male,Matthew,Seemmonds,663768389478855.4,Krojo,595573713033332,Pasiraman
France,96,9/9/1971,Male,Ferdinand,Abate,232756547741493.2,Toulon,263654725151612,Ressano Garcia
Japan,77,6/30/1968,Female,Brena,Kitter,733433360639257.4,Kasamatsuchō,372553512320502,Schiedam postbusnummers
Saudi Arabia,71,4/9/1970,Female,Daphne,Charkham,711698394392774.5,‘Afīf,598985879656777,Saniwonorejo
Indonesia,24,4/11/1973,Female,Harri,Guyton,555451423968760.9,Mehona,799292228299562,Xiaoling
Malaysia,10,11/24/1984,Female,Agretha,McNicol,879394075865088.4,Pulau Pinang,263152615167263,Boka
Malaysia,43,5/3/2006,Male,Riordan,Grigoriev,342518006896956.1,Kuching,865975274741590,Baturyn
Paraguay,80,4/5/1968,Male,Ike,Whife,370890245476348.4,San Bernardino,758320681159063,Mandangoa
United States,98,4/9/2012,Male,Kerwinn,Ainslie,582337667909035.0,Wilmington,464293904440868,Seredeyskiy
Mexico,78,2/17/2001,Female,Elke,Hebditch,696563478523933.3,Benito Juarez,129595632267060,Wangbuzhuang
United States,27,4/4/1997,Male,Nikolaos,Brunn,902749569667235.1,Saint Louis,926276444427736,Geshan
Indonesia,18,6/29/2002,Male,Hadleigh,Mingauld,230054882714612.1,Pilang,522492324955888,Zhangfeng
China,85,8/20/1984,Female,Kore,Suttie,810301864247452.1,Wuxiang,709078671738558,Hoboksar
Japan,56,6/7/2009,Female,Roxane,Davidofski,325821616153613.4,Ichihara,593332915703421,Marseille
Russia,97,11/20/1994,Male,Willdon,Dipple,533187330764514.2,Chernigovka,130686360696348,Dashuipo
Nepal,15,7/28/1977,Male,Umberto,Hewertson,813126515293325.0,Bardiyā,332823214997452,Naekan
Ivory Coast,41,10/21/1976,Male,Augie,Boyat,980987597848281.9,Abobo,312643851039249,Marigot
France,20,4/7/1991,Male,Tonnie,Bastin,651219308944558.3,Rungis,524316114266294,Medvedok
Paraguay,67,4/28/2016,Male,Raoul,Kinig,296065661667544.5,Isla Pucú,212997024701975,Baixo Guandu
Morocco,83,6/5/2003,Male,Mill,Praten,596447417282431.9,Fifi,885816914433638,Krynychky
Kyrgyzstan,92,10/4/2006,Female,Kristien,McKevitt,547571888598005.1,Kant,491829053592745,Tanda
Russia,98,9/4/1987,Female,Milicent,Sunter,837350686340573.9,Davydovo,519717704943888,Chalchuapa
Philippines,64,9/19/1982,Female,Rhonda,Surgeon,103574485329294.3,Alangalang,787992703235195,Hangkou
China,89,1/2/2002,Female,Deeyn,Volks,679285513935239.6,Chadi,983310461977451,Cilegong
Cameroon,37,11/11/1995,Female,Priscilla,Gasparro,667816867338638.0,Ngaoundéré,934459637444044,Tunggar
Indonesia,92,11/20/1959,Female,Ronalda,Goucher,505904941275091.5,Bangbayang,138411272259614,Fleury-les-Aubrais
China,33,10/9/2000,Female,Kristal,Shane,952784123837197.1,Dongbatu,626470464573767,Kibiya
France,59,6/12/1990,Male,Abran,Dresche,815119190962425.3,Limoges,756760801060011,Ewarton
China,100,8/13/1983,Female,Eileen,Thacker,574228068035927.3,Zhifang,714357387956788,Cerrito
Indonesia,41,6/16/1976,Female,Maryanne,Moehle,168972087382820.4,Gondang,481617794595300,Jianling
Indonesia,95,7/4/1977,Male,Crawford,Pendrill,539411864756640.7,Doko,132345589422032,Niquelândia
Indonesia,51,6/17/2011,Male,Lloyd,Christall,382065319559071.1,Tumpukrenteng,119523551814926,Huadian
Poland,72,3/10/2003,Male,Domingo,Connors,548105301166101.8,Miastków Kościelny,140228463732784,Canguçu
Philippines,27,1/24/1956,Female,Margarita,Zelland,845418947244464.8,Sibulan,360512448134853,Tierra y Libertad
Iran,42,5/25/1982,Female,Willie,Garmans,885265647951243.9,Ābyek,464320406755797,Kolbano
China,13,11/26/1960,Male,Allistir,Deverell,276918637164684.5,Xinxiang,124736480070550,Xiabao
Russia,68,2/25/1958,Male,Bogey,Griswood,494529680686728.9,Bykov,487798151682978,Daminggong
Indonesia,37,8/4/1960,Female,Reena,Abrahmovici,347205648168670.1,Sempu,390133658570665,Las Palmas
Malaysia,11,3/17/1977,Male,Natale,Hembrow,896313441426444.3,Kota Kinabalu,372418643641479,Dungloe
Argentina,51,8/31/1981,Male,Zack,Goaley,351899171614778.6,Pirané,422181106628246,Koubia
Indonesia,48,5/4/2010,Male,Ruben,Blaxlande,295470659907392.2,Negeriagung,284354115713260,Maliq
Brazil,79,1/1/1971,Female,Rayshell,Crehan,849596086344710.4,Afogados da Ingazeira,855239383630084,Montijo
South Korea,94,6/18/1962,Male,Domingo,Lockhart,727814609727901.1,Yangsa,769005860971898,Basail
Sweden,33,8/27/1959,Male,Brice,Hiscoe,351844592275670.8,Falköping,368701864686100,Salaspils
China,41,3/13/1958,Female,Cilka,Kleint,961876711267376.1,Wangong,229057245136642,Ipatinga
Russia,78,1/13/1956,Male,Taber,Weekly,299045444607738.1,Solikamsk,896442237200192,Causip
Nigeria,51,2/13/2011,Female,Yolane,Jery,371256116949010.9,Bukuru,321438445293456,Fuling
Portugal,48,7/21/1960,Male,Briano,Stoodale,732749191698448.8,Gémeos,601499916976174,Santo Aleixo
Poland,77,1/16/2011,Female,Lia,Scuse,926961606185698.0,Siedlce,445917724089035,Łapanów
China,28,3/9/1975,Male,Lon,Syphus,793567661888986.1,Gengwan,552705610604720,Borlänge
Finland,86,6/27/1986,Female,Koral,Ganing,559902357017715.3,Karkkila,702592256201491,Gajiram
Argentina,56,5/26/1978,Female,Max,Boyack,838711500416036.0,Venado Tuerto,827156068877314,Kepoh
Nigeria,14,3/12/1988,Male,Aldo,Megson,340755608720387.4,Tokombere,499442571499010,Bacag
Sierra Leone,90,8/9/2018,Female,Ciel,Gideon,400153831171567.3,Motema,675071025622098,Memphis
Brazil,96,11/15/2009,Female,Sheree,Evens,731649503256240.3,Porto Seguro,705807242449678,Sizao
Argentina,66,8/3/1981,Male,Skippy,Benthall,418286232004734.7,Santiago del Estero,551045044380356,Krychaw
Philippines,49,10/24/2008,Female,Molly,Clibbery,997312585649249.1,Santa Catalina,461275453665940,Encantado
Malaysia,82,7/17/2014,Female,Prudy,Ralston,327136863032844.3,Kota Kinabalu,334207007708124,Razumnoye
Democratic Republic of the Congo,86,3/12/2013,Male,Reilly,Epton,720619901898547.3,Bongandanga,458962853322730,Bangluo
Venezuela,18,11/5/1982,Male,Garrot,Clibbery,551548361313169.1,El Real,632272913331080,Lipiany
Portugal,52,8/20/1982,Male,Torre,Erington,367975166128513.0,Lameiro,944330954634730,Jiangdianzi
South Africa,39,1/25/1990,Male,Pren,Helis,181447622660554.0,Richmond,333423048126339,Abomey
South Korea,69,9/1/2017,Male,Renault,Bottoms,691047058022318.9,Jinan-gun,618700220755172,Yunluo
Portugal,22,6/27/1965,Male,Dalston,Tompion,782818941910340.5,Bolembre,225802068565950,Aoqiao
Portugal,14,3/10/2016,Female,Rachelle,Boggs,680822239517071.0,São Miguel do Rio Torto,547702239374900,Ostrów Wielkopolski
Peru,95,2/1/2002,Female,Diannne,Ladyman,572451935390563.9,La Esperanza,718966818722404,Ouésso
South Africa,34,7/29/2015,Male,Michail,Riggs,177781106392918.4,Port Saint John’s,578566462165935,Gapan
Pakistan,43,2/5/1966,Male,Oliver,Finnan,118417664278201.8,Dhanot,370676042283402,Oklahoma City
Indonesia,37,2/1/1979,Male,Angel,Tosney,789180473088102.9,Banjar Tegal Belodan,701011233776537,Samboan
Thailand,95,8/19/1964,Male,Haley,Magson,359241288993763.3,Nong Yasai,439167498708219,Heshui
France,38,7/3/2016,Male,Morey,Bergstrand,303802763303172.8,Paris 19,289020604200283,Serawai
China,37,4/28/1999,Female,Peggy,Abson,527091598900441.2,Jinling,897406305158681,Puan
Uganda,97,11/7/2007,Female,Luci,Thorneloe,885053982220502.5,Kaabong,684682679689291,Soubré
Philippines,71,1/24/1971,Female,Rana,Pettegree,259903571165069.3,Sibulan,330123822265155,Centre de Flacq
Sweden,89,10/17/2015,Male,Bayard,Chiommienti,173609753826042.4,Solna,942359439007428,Atiquizaya
Philippines,23,10/15/1979,Female,Clarette,Pahlsson,457700106332603.4,Paitan Norte,901603448774039,Littleton
Brazil,97,7/31/1978,Male,Shadow,Chrestien,582016940959701.0,Esplanada,704816946167216,Sittwe
Russia,74,1/31/1958,Female,Eryn,Pace,767413364049314.6,Aban,913307588271089,Valdice
Russia,14,12/29/2011,Male,Forester,Ferrarini,101893846699704.8,Mirskoy,454399339831313,Bulod
Tanzania,71,7/16/1972,Female,Mireielle,Brambley,945065112957835.0,Kibara,893034683893624,San Fernando de Atabapo
Cuba,91,1/30/1995,Female,Adrianna,Merrigans,692612871929019.0,Guisa,356074083593533,Abadiânia
Peru,14,5/7/2007,Female,Tiffy,Bebb,864760491674800.3,Motupe,311609204829674,Tawau
Indonesia,43,12/9/1963,Male,Vernor,Sarginson,979792157227766.9,Babakanbungur,996291323787858,Caramay
Angola,67,6/29/1988,Male,Ive,Henric,200715755115996.8,Camabatela,940986132907776,Corralito
Botswana,24,3/1/1977,Female,Kelly,Selkirk,638316580978743.0,Francistown,329049031483105,Shuitai
Sweden,15,12/27/1958,Female,Debbie,Bore,449021600113139.9,Visby,536673512830892,Salinas
Morocco,42,2/7/2017,Female,Waly,Bleackly,645418624183580.0,Martil,561228480139689,Xianxi
Philippines,100,1/14/1999,Male,Pattie,Karchewski,856254754048183.1,Angatel,154189814263628,Haljala
China,86,4/5/1999,Female,Aurea,Titcombe,222602026575703.9,Heshui,352822919010227,Dagar
Norway,16,10/21/2012,Male,Albie,Sawford,447469864945557.6,Oslo,986432996467889,Kebloran
China,67,3/17/1998,Male,Cirstoforo,Gotfrey,785029984920324.4,Qiancheng,154593249849340,P’rimorsk’oe
Russia,61,4/13/1990,Male,Vasilis,Bollands,896336843408157.6,Rodionovo-Nesvetayskaya,784699212620778,Thepharak
Colombia,20,12/29/1978,Male,Elliot,Rosoman,592178101960756.3,Ipiales,478273896566550,Ubaté
Indonesia,24,8/8/1992,Male,Georges,Vasse,161337868580344.6,Semarang,998785706403433,Chepo
China,18,8/18/2018,Female,Carita,Lightewood,158731982613601.6,Chong’ansi,384704471835966,Bollnäs
Brazil,69,12/7/1998,Female,Trixy,Heintze,152531547300561.4,Valença,818310468252495,Tabivere
China,57,11/20/2012,Female,Madlen,Muehle,730596157959008.0,Xiting,582142616456249,Kraslice
El Salvador,90,3/23/2008,Male,Odell,Pridmore,467275509102124.8,El Congo,707551326225794,Bestovje
China,79,2/1/1991,Male,Monro,Commuzzo,452239290001732.0,Nanjie,627247284268836,Postřelmov
Kyrgyzstan,50,7/7/1981,Female,Bel,Reely,113388726553788.2,Bazar-Korgon,605531236407534,Lirung
Peru,19,7/23/1987,Female,Ellie,Kirmond,204699267558979.1,Layo,293102571093319,Dongguan
China,30,7/20/1986,Female,Mavis,Collingworth,371803517396348.0,Chadian,383562435587013,Kyzyldzhar
Indonesia,39,2/16/1981,Female,Lisetta,Sheers,291805362026368.4,Ratenggoji,926813175263588,Hulu
Uganda,71,9/5/1985,Female,Fae,Matuschek,469797094306832.4,Mityana,268394439487821,Göteborg
China,98,9/20/2016,Male,Holt,Oakenfull,528986581952168.1,Zhengdun,779023788588693,Changtang
Mexico,58,6/22/1956,Male,Hyatt,Bento,539396565709732.1,Loma Bonita,707731642234498,Jakobstad
Norway,98,4/23/2002,Male,Mikkel,Facey,636639882704725.8,Bergen,792232698379264,Gornje Moštre
China,11,1/27/1956,Male,Vail,Cutford,391000913936504.8,Longquan,545746712532266,Jonquière
Indonesia,75,10/7/1961,Female,Timothea,Tuckett,633872859799664.0,Tangerang,109113384991206,Järfälla
China,83,10/8/1971,Female,Jess,Ankers,821945016635539.1,Chenyangzhai,635127438557462,Muxagata
Tanzania,47,7/20/1965,Male,Laurent,Ruddom,293664687708149.3,Magole,512905806965361,Genève
Philippines,77,10/28/1968,Male,Drugi,Marcroft,690467855976392.3,Paluan,893560596883328,Dobre Miasto
Indonesia,63,10/18/1985,Male,Dudley,Pickett,672265487974311.5,Tegalloa,160127435418886,Bourges
Portugal,93,6/12/2002,Male,Corty,Drife,476353834235589.4,Soutinho,602059021049587,Ostaszewo
Indonesia,43,10/25/1991,Female,Marilin,Brumble,472156910323292.4,Ngromo,764315645821493,Rumoi
China,86,12/16/2004,Male,Verney,Newvell,279434319409578.5,Baiyun,225796059005095,Zherdevka
Philippines,36,1/26/1962,Female,Lorelei,Schulz,395961543774302.9,Libertad,497051896544191,Modot
Brazil,100,1/23/1969,Male,Philip,Knill,802740901958429.5,Botucatu,979966634265527,Tallahassee
China,26,10/28/2006,Male,Darin,Casini,441370181818055.5,Guangyuan,673266728221950,Nangela
China,99,10/21/1990,Female,Ethelin,Peaurt,330697676095113.3,Maxiao,760371626950341,Chengnan
Indonesia,42,6/10/2004,Male,Wilbert,Roust,199436084891299.4,Kukuluk,255316559222040,Kultuk
China,59,2/27/2011,Female,Quintina,Konneke,393760522192758.3,Nanxing,407978458367123,Stettler
Gabon,59,1/21/1956,Female,Farrah,Longwood,801537539277691.8,Fougamou,260415368464412,Bình Thủy
El Salvador,81,1/10/1989,Male,Angus,Hanselmann,620685521726759.8,San Salvador,856754896385648,Dobrica
Indonesia,85,8/13/2017,Female,Cherish,Gallgher,690830229044164.4,Sarongan,130135377169761,Guaíba
Vietnam,62,2/1/1962,Male,Willey,O'Dulchonta,546579019946481.9,Pho Duc,498986771061665,Rubizhne
China,38,4/4/1984,Male,Morse,Ledekker,369130290293851.0,Nanjing,877236710121125,Gouveia
China,32,8/19/1972,Female,Carlyn,Aguilar,963664570808279.0,Agarsin,987322591429979,Sanhe
Russia,49,2/3/1985,Male,Gaspard,Padkin,642112892501995.3,Seredka,557697361885977,Goma
Indonesia,68,3/8/1966,Female,Marita,Ville,662224872969153.6,Ledeunu,987940883069271,Quaraí
Czech Republic,43,6/27/1978,Male,Hilarius,MacTrusty,901510401353032.0,Jedlová,319168618076252,Esperantina
France,89,5/31/1982,Female,Nora,Winchurst,483199964987404.9,L'Union,241713919276843,Castellon De La Plana/Castello De La Pla
Macedonia,51,12/29/1965,Male,Boony,Costock,295767918157688.2,Bitola,313253372928595,Yurino
Philippines,86,12/21/1977,Male,Buiron,Wavish,283028738871007.9,Paombong,443179216382943,Chengmagang
Indonesia,99,1/26/1996,Male,Kipper,Babidge,529592593368371.6,Darungan,658679120215001,Saint-Égrève
Croatia,70,9/6/1968,Female,Janie,Franckton,791340443943117.8,Brijest,428327111539078,Nasavrky
Indonesia,98,7/22/1986,Female,Loree,Wason,854652285558314.3,Curuggoong,823941338858136,Yangzi
China,25,2/26/1987,Female,Deeanne,Lenham,494534755934299.6,Yunyang,896045658115177,Daireaux
Russia,49,3/14/1995,Female,Bethena,Daulby,921204224408648.9,Pinega,946123547352590,Panyarang
Indonesia,57,10/18/2001,Female,Robena,Torrans,708292689469940.8,Palumbungan,659740851627324,Zhoinda
United States,20,3/29/2001,Male,Frank,Shergold,181029995262801.4,Denver,639805127629488,Bellavista
Russia,83,10/29/1967,Female,Zorana,Stolte,602427548395925.3,Krechevitsy,680142331704277,Bagneux
Yemen,89,10/20/1997,Male,Derward,Le Bosse,347878256655966.2,Ḩajjah,979033769285470,Campoalegre
Bulgaria,93,10/12/1982,Female,Mab,Vowden,318249096624356.6,Dimitrovgrad,472967098670106,Nanterre
China,30,9/24/1992,Male,Millard,Zucker,721419334201815.4,Bayan Huxu,449763472607853,Évodoula
Peru,10,3/20/2016,Male,Terri,Rawls,276165073892107.3,Carhuamayo,790210722487973,Korsun’-Shevchenkivs’kyy
South Africa,72,8/23/2009,Male,Toby,Cazereau,372617778063256.6,Frankfort,740610348159143,Khān Neshīn
Poland,44,8/1/1971,Female,Dollie,Gibbieson,143273464551707.8,Świdnica,631370910321673,Brikama Nding
Russia,70,8/28/1978,Female,Eulalie,Bavester,807772256970741.4,Pavshino,658197035589963,San Francisco
Morocco,92,5/21/1961,Male,Burnard,Walhedd,911742308044870.4,Teroual,331202464899756,Uliastay
Indonesia,16,9/12/1992,Female,Helaina,Andreaccio,709223899078571.5,Paya Dapur,527076957089950,Zlatoust
China,87,4/19/1962,Male,Franny,Craft,245737893379880.6,Gaoyu,860436608708615,Wuku
Indonesia,53,3/25/2001,Female,Leoline,Kinnach,802514459399500.6,Oefau,338358116468265,Saint-Joseph-de-Coleraine
Russia,65,9/12/2009,Male,Kendrick,Heliot,196945784037304.7,Tomilino,457278675406434,La Mesa
Sweden,83,11/7/1957,Male,Ennis,Hullot,364680729516269.5,Bollnäs,122580556177680,New York City
Nicaragua,57,9/3/1983,Female,Margy,Pietruszka,794674472666187.1,Diriá,371269190097798,Krasnoye
Syria,21,5/14/1960,Female,Bridgette,Royl,138492061191197.7,Ma‘lūlā,379116899507718,Qiancheng
Philippines,13,8/4/1965,Female,Ema,Popping,482535181510050.6,Apalit,353556731431632,Guandu
San Marino,18,4/4/2010,Male,Kevan,Jakobssen,428023752286716.4,Fiorentino,802921692634047,Gibsons
Poland,41,12/2/1993,Female,Jacynth,Langer,481555896686303.6,Mircze,699512178677084,Topi
China,95,2/23/1981,Male,Pablo,O'Donohue,976791793272907.1,Dasha,537566189979299,Longhe
Czech Republic,88,3/13/2016,Male,Lazaro,Ivers,936174675932177.3,Hvozdná,426518155143267,Xinhe
China,31,10/10/1984,Female,Rosabella,Mingaud,817710603439496.5,Anfeng,386024427115076,Jackson
Indonesia,75,7/11/1975,Female,Jodi,Garr,617583820279305.8,Waigete,463432860474463,Frederiksberg
Philippines,22,7/15/2010,Male,Dalt,Pengelly,447277387312423.9,Malabugas,315494198038112,San Roque
Mexico,78,2/12/1970,Male,Kean,Ropars,165709129589872.6,Los Fresnos,792021569859328,Prakhon Chai
China,48,4/28/2017,Male,Harlan,Pasfield,824972755664083.1,Fangqiang,824495502743361,Sujitan
Colombia,24,5/6/1988,Female,Kynthia,Lamps,659521501534278.6,Nocaima,505772896267333,Guzhan
Japan,56,6/7/2009,Male,Claiborne,Veque,752351380016855.0,Gojō,120788450037684,Lusacan
China,13,1/4/1997,Female,Tiffi,Goering,517275030158264.2,Laocheng,475328852100941,Cabeçudos
Kenya,85,5/12/1998,Male,Griffin,Wilse,281742676455455.9,Isiolo,740753269764292,Pražmo
China,47,11/2/2011,Female,Arlina,Lehrian,793981763376158.0,Pu’an,581442850115873,Buenavista
United States,78,10/1/2012,Female,Nelli,Hantusch,383938966486267.9,Los Angeles,936018816346930,Omišalj
Yemen,32,4/3/1973,Female,Jorrie,Halbeard,992857263219132.9,Laḩij,629780160266515,Prey Veng
Portugal,46,12/12/1989,Male,Freedman,McDonnell,922857766178245.3,Porto Salvo,690842783762838,Tsotsin-Yurt
China,63,1/14/1996,Male,Kippy,Rosedale,704732820254999.5,Jiahe,203541072971941,Yangcun
China,31,5/10/1990,Female,Yoshiko,Picken,439172541950183.6,Baisha,639553596564784,Asopós
China,68,9/29/2014,Female,Meta,Anyene,787902846218869.8,Guishan,581572663713738,Qiwen
Indonesia,88,11/22/1963,Male,Monro,Coat,341987854847309.4,Hegarsari,412271373662923,Tungi
Argentina,30,2/1/1991,Male,Eugenio,Sommerscales,102901955181224.0,General Alvear,787436434453162,Freiria
Indonesia,93,5/12/2015,Male,Gary,Lukes,154722807350254.7,Seraya,159811837574888,Wuda
China,56,8/30/1956,Female,Cindy,Velde,258425899356828.8,Chonghe,120929480287690,Binguang
Ukraine,73,11/5/1958,Male,Tim,Shoobridge,909113603667333.0,Vyshchetarasivka,870995292450255,Villanova
Indonesia,10,12/7/1960,Male,Nikki,Sabbatier,372398866623644.8,Laau,254681567257135,Satsumasendai
Vietnam,80,5/15/1983,Male,Sylvan,Hendriks,950386134706040.6,Bù Đốp,943340095064682,Kebon
Slovenia,20,11/10/1967,Male,Titos,Bernardin,451472146365227.1,Mokronog,526672438120921,Bilüü
France,76,3/20/1994,Male,Jason,Esp,288053855114726.1,Orléans,693075752404687,Azteca
China,20,3/17/2017,Male,Timothy,Pollicote,418881769519645.9,Hefu,764084076308575,Oslo
Serbia,84,5/19/1965,Male,Ken,Sparkwell,735762859921150.4,Seleuš,420814826268026,Couva
Sweden,63,6/18/1984,Male,Elbert,Clemits,260855511873134.1,Ronneby,304139876496651,Oliveira
Portugal,44,4/11/2017,Male,Car,Brikner,269086925490768.8,Castelões,109829125394213,Cullhuas
Belarus,47,8/20/1979,Male,Gottfried,Peinke,855779191056555.5,Kamyanyuki,976944733586519,Warnes
Portugal,69,3/18/1997,Male,Kalvin,Mosdall,715013256979636.1,Maceda,186300165087889,Cool űrhajó
Afghanistan,82,4/3/1998,Male,Wilburt,Barras,502091141376068.7,Pul-e Sangī,871817798036028,Amagasaki
Russia,97,2/19/1976,Male,Weidar,Leitche,386141835066274.1,Semënovskoye,117868617624345,Rochester
Uruguay,93,7/31/1979,Female,Sheree,Sadat,164383254859953.5,Fray Bentos,484278705414285,Arras
Philippines,38,7/21/2003,Female,Velvet,Welldrake,704819703195319.6,Sipocot,290674400333838,Cuevas
Morocco,91,6/14/2009,Female,Penni,Loram,480224427595454.6,Talmest,931639881764541,Moquegua
Russia,95,7/31/2013,Male,Purcell,Embery,470760523879823.6,Novokuybyshevsk,670458004292281,Kitakata
Indonesia,23,2/26/1980,Male,Noll,Oloshkin,150440931289101.9,Banjar Baleagung,360908715005931,Shāhdādkot
Malta,56,2/14/1997,Female,Eileen,Setterington,469708076527673.4,Ta’ Xbiex,649281808648466,Caringin
Indonesia,85,11/12/1958,Female,Hetti,Stidston,763167935183091.1,Lido,305990991551894,Panique
Aland Islands,81,7/7/2004,Female,Janene,Zuan,540923062307585.8,Geta,335251835037530,Ban Muang
Argentina,78,3/18/1956,Male,Forest,Spargo,236277544659342.2,Mariano Moreno,560930669004617,Denglong
Egypt,20,8/16/1973,Female,Evangelin,Netley,472004017336936.6,Banī Suwayf,226164207360630,Żółkiewka
China,43,9/6/1965,Female,Zelda,Van Brug,874640288662970.0,Bajiao,284469316843391,Wengtian
China,79,10/16/1985,Female,Kaitlyn,Triplow,318699810689370.3,Zhoujiadian,615793849036072,Yancheng
South Africa,69,2/11/2005,Male,Elvis,Dybell,217549668802196.1,Cradock,413823865333657,Monastyrishche
Slovenia,56,4/14/1994,Male,Gabriel,Edmeades,710816204399355.5,Ravne,766785598152046,Dulovo
China,30,5/16/1959,Female,Kevina,Pritchard,983459399734528.4,Xigaoshan,466622254995945,Alibunan
China,84,11/2/1987,Male,Horatius,Roddy,795984068216921.3,Lantian,406703695202388,Hatu Buh
Palestinian Territory,67,6/3/2004,Female,Freddy,Finlry,356736359371635.4,Jūrat ash Sham‘ah,825777201321945,Zheleznovodsk
China,90,12/21/1983,Male,Derry,Care,486967780016326.9,Maodao,964997700313138,Huayllati
Greece,23,1/15/1979,Male,Tammy,Mourgue,657730439097211.9,Koutsopódi,754182892538448,Zhushan
Canada,20,1/7/1995,Female,Ilka,Giacopetti,913815946445040.4,Lac-Mégantic,264267390865028,Leitões
Argentina,46,3/7/1974,Female,Nadine,Scotchmoor,139733095345429.0,General Lavalle,125522882094647,Jingouhe
Brazil,70,11/27/1966,Male,Cory,Bellefant,568071809994988.0,Presidente Bernardes,185917639473993,Dzhiginka
Nigeria,69,9/23/1985,Female,Stafani,Cancutt,821201716288414.0,Akwanga,670788213376321,Orléans
China,38,4/22/1984,Female,Donella,Lockhart,267941314194669.6,Xia Zanggor,132678218455921,Qiaoyi
Russia,66,11/10/2002,Female,Marline,Soots,890228906078282.4,Lesogorsk,713801805197133,La Dorada
Brazil,10,2/5/1978,Male,Cliff,Blackesland,630001023860942.5,Lauro de Freitas,205634289282624,Huyuan
Central African Republic,99,11/7/2017,Male,Roy,Prando,510671793380543.8,Mobaye,351596711576104,Kufayrit
Russia,18,10/29/1976,Male,Lovell,Sleeny,834222904823120.1,Zakamensk,665210645341722,Privodino
China,98,7/18/1995,Female,Rois,Grayshan,972128244404228.8,Fenghui,885526045705241,Xiangxiang
France,48,5/16/1971,Male,Care,Tomblings,191470672835828.4,Melun,980486906829461,Río Tercero
China,43,7/8/1973,Male,Olivero,Guidone,922539389716734.9,Hongjiaguan,885852469180123,Kastornoye
Poland,89,1/6/1974,Male,Cletis,Doran,128367065266158.8,Trzcińsko Zdrój,715078818682885,Zhangpu
Indonesia,84,10/24/2000,Male,Ashby,Ren,690326654112272.5,Tlogoagung,660322549019668,Al Lubban al Gharbī
China,85,11/19/2011,Male,Hershel,Ecob,744071377715152.9,Jiujiang,443371994676298,Seulimeum
Philippines,34,7/30/1976,Male,Erastus,Leonardi,124960991962664.7,Gulod,915306080709658,Anastácio
Vietnam,35,3/25/2002,Female,Piper,Shelvey,360062538562872.2,Quỳ Châu,956796940100739,Bangjun
Portugal,77,8/31/2001,Male,Gordan,Simonini,874993144811170.0,Santo António das Areias,917382223509829,Krzyżowice
China,26,6/4/2004,Female,Veronique,Conti,766210620833368.0,Sanying,294433392756255,San Pedro Necta
Portugal,47,11/1/1986,Female,Umeko,Gidley,859914296407747.3,Vila Verde,378848373421746,Cookshire-Eaton
South Africa,50,3/14/1975,Male,Harwilll,Judkins,385866118856570.9,Volksrust,491514937105514,Kunduz
Indonesia,91,7/22/2000,Female,Ninetta,Sehorsch,456579791263661.5,Cilimus Kulon,789888301275613,Qindu
Japan,90,2/17/2005,Female,Carol-jean,Filipic,384687026775923.7,Tanashichō,271031865522990,Malicboy
China,97,7/21/1970,Male,Armin,Wakeman,747293637200547.5,Haikou,289727096520360,Adare
Indonesia,36,4/10/1988,Female,Corissa,Gilogly,951006244941295.6,Tapakrejo,874136447328195,Kazuno
Bulgaria,17,11/5/1979,Female,Genia,Mattisson,325294481999264.5,Vetrino,254002630008853,Zhusha
Sweden,22,10/26/1978,Male,Abba,Pendrigh,769392907913991.6,Linköping,817151641702843,Bolderaja
Poland,78,12/25/1984,Female,Gabriela,Van Niekerk,462547592753844.3,Mirsk,273541410167569,Vidin
China,81,2/27/1982,Female,Mariann,Toll,681094162373821.4,Bianzhuang,689790107816883,Huntsville
Indonesia,99,5/6/1956,Female,Layne,Yackiminie,499925727794591.6,Manggekompo,460743018210901,Shreveport
Russia,25,1/25/1957,Male,Armand,Houdmont,952576117268906.9,Nazyvayevsk,270119850025893,Jayapura
Ukraine,50,7/29/1971,Female,Shelly,Steeples,667707076787591.8,Uralo-Kavkaz,268449106694338,Honjō
Indonesia,37,8/28/2002,Female,Cherise,Herety,491238907588524.9,Nonohonis,990214972365765,Dawa-Dawa
Greece,46,7/17/2001,Female,Carina,Forson,520422970886243.0,Kalampáka,353519650734089,Birao
Russia,17,1/13/2000,Female,Bernice,Lovick,648614925917266.0,Monino,910296052054350,Lapa
Indonesia,87,12/10/1956,Female,Imogen,Pippard,658451654946985.8,Kuala Tuha,966613073645044,Nioki
Poland,73,8/8/2006,Male,Brad,Eliaz,763660874031043.6,Ochota,501323668234154,Petani
China,20,3/18/1957,Female,Lily,Adriano,960392815124596.5,Chongqing,374462373334980,Cimongkor
Russia,67,10/7/1976,Male,Thorpe,Jowitt,524025526710999.3,Gornorechenskiy,826908301886606,Borås
Brazil,24,12/29/1964,Male,Alf,Adelman,864924195996733.6,Entre Rios,868311838199477,Kadurahayu
Russia,95,6/1/1985,Female,Delphinia,Felten,548070128340470.5,Volgorechensk,585689909470455,Strazhitsa
Dominican Republic,56,2/1/1959,Male,Beltran,Johncey,569225029584932.5,Duvergé,202710624021714,Rivadavia
Venezuela,30,3/26/2015,Male,Myca,Beswell,594889262663406.3,Temblador,137549291056630,Karlskoga
China,89,8/14/1966,Female,Christye,Greschik,670332808905691.5,Hexing,228723533266006,Danxi
China,22,1/26/2001,Female,Gretta,Wankling,898082249170055.1,Quma,715854268888097,Wonocoyo Utara
Sudan,53,7/30/2008,Male,Fletch,Langshaw,464851468427512.5,Rabak,953996513523948,Diapaga
Poland,55,6/13/1965,Female,Perrine,Schreiner,651885153616895.8,Leżajsk,687289450011480,Tukan
Russia,56,5/4/1963,Male,Dukie,Haggus,214903780250230.1,Ostashkov,171586721965067,Täby
Poland,98,5/5/2008,Female,Gabriell,Betke,407111756814805.1,Jastrzębia,733801269578241,Brampton
Czech Republic,16,9/4/1994,Female,Natalee,Traylen,872578758090325.8,Katovice,929601789728430,Masaran
Oman,72,10/7/1986,Male,Brion,Slevin,442657581501612.1,Bayt al ‘Awābī,305570120209975,Berekum
China,26,9/2/2007,Male,Elias,Brunnen,729686970549272.9,Da’ao,667050839477348,Pombos
Indonesia,60,1/23/1963,Male,Bern,Franciskiewicz,243614662876056.3,Kesambilerenkrajan,779801542049256,Ninove
Indonesia,50,2/17/1995,Male,Nicolas,Endersby,264929957491347.4,Sungaipuntik,474671535474178,Penebel
Mexico,23,5/4/1970,Female,Caye,Goade,120321353414009.2,Manuel Cavazos Lerma,517489305170585,Jiefang
Portugal,26,3/5/2005,Male,Silvio,Alger,127503577507041.2,Boavista,385906299191245,Ambunti
South Africa,57,5/3/1995,Male,Dom,Bosenworth,908587073863712.0,Lady Frere,714390917747078,Kafr Kannā
China,88,12/30/1997,Female,Marjy,Gilardoni,285302398441720.3,Kanshan,854159689322205,Lutou
Indonesia,45,9/29/1988,Male,Guillaume,Lukianovich,195658967117979.1,Pakel,180159872453960,Радишани
Czech Republic,42,4/21/1957,Female,Luz,Woollaston,755866575706519.4,Rokytnice nad Jizerou,737576263938379,Telpaneca
Russia,74,3/18/1971,Male,Lindy,Gobeaux,967279308606085.9,Kerva,556284961913966,Wuhe Chengguanzhen
Philippines,29,11/12/1980,Male,Calvin,Kellaway,536210717287711.6,Opol,276953039652207,Sarrat
China,72,4/10/2010,Male,Hodge,Cypler,854824642913870.6,Baisha,239804721116921,Sollebrunn
Dominican Republic,71,6/13/2018,Female,Melly,Rist,681007566593126.8,Jicomé,534762821575782,Hamberang Sabrang
Poland,48,11/15/1992,Male,Jedediah,Ashpital,746424699357371.9,Olszanica,133056708007682,Yokohama
Russia,36,9/26/1962,Male,Stanley,Menel,447984549628033.1,Stulovo,212969158138930,Bethlehem
China,89,6/11/1957,Male,Cash,Mathis,629247507302266.3,Dongyuan,195478470982704,Antwerpen
Portugal,25,12/10/2015,Female,Aubrey,Bedome,161980028400036.4,Beselga,166443463541839,Kota Kinabalu
Russia,21,4/2/2005,Female,Melantha,Veighey,909725299273000.1,Leninskiy,704090747447518,Tantu
Indonesia,61,9/8/1957,Male,Jean,Worman,245662543931980.0,Pulaukijang,597969480102912,Takum
Iran,93,6/7/2012,Male,Brooks,Pobjoy,113470898491614.1,Dūst Moḩammad Khān,482181900357373,Igbeti
China,76,11/19/2015,Male,Reamonn,Kretschmer,675575515892401.1,Hongqi,779530744204290,Nakhon Pathom
Poland,12,12/5/2005,Female,Dorice,Dametti,387584572401505.7,Górki Wielkie,481970754005200,Marilao
Brazil,65,5/26/1974,Female,Koressa,Liepmann,302603135117366.3,Curitibanos,463136133494738,Chulakivka
Mexico,58,12/4/1973,Male,Jamey,Knights,686982964084651.0,Zaragoza,669693100634677,Płoniawy-Bramura
China,18,2/8/2003,Male,Borg,Deshorts,784031893431604.8,Efeng,606866406048845,Blois
Indonesia,97,12/18/2001,Male,Jarib,Hartnell,526626333893837.9,Cikadongdong,495277053466494,Bollnäs
Indonesia,82,11/17/1975,Male,Cleve,Caughte,426788477645680.6,Wedangtemu,471018422509154,Liucun
Botswana,100,9/24/1956,Female,Ammamaria,Ratter,284414259534658.3,Letlhakeng,926349632504622,Minle
Spain,20,9/3/1981,Male,Silvester,Tesseyman,182594968057933.3,Donostia-San Sebastian,486104491775151,Yisa
Russia,45,12/8/1972,Female,Sam,Runsey,668715195736344.1,Zainsk,486340030633297,Grigiškės
China,15,9/16/1970,Male,Davon,Ewins,305396396659244.1,Gaoyang,588105629275405,Blatná
Russia,49,1/23/1994,Female,Golda,Wayper,213802197859259.2,Pizhma,164841153866060,Jiaobei
China,94,2/18/2004,Female,Margarita,Donlon,244436203213774.2,Juren,701138150990721,Kajansi
Tanzania,74,10/11/1981,Male,Lek,Sedgemore,592021583529298.8,Mbinga,860688332225058,Formosa
Sweden,27,2/20/1978,Female,Madeline,Bulbeck,614905466613039.3,Skara,649278768957620,Cibetung Dua
Paraguay,84,10/5/1966,Female,Freda,Firmin,927786394226781.3,Capitán Bado,940526658192439,Buenavista
Mexico,96,4/10/1962,Female,Merrile,Meiklam,663977768298671.3,Revolucion,336930173246245,Zimovniki
United States,80,1/15/1993,Male,Tyrus,Shilston,545080730912765.8,Dallas,157206050668255,Pavia
Bulgaria,100,6/10/2001,Male,Albert,Guidera,253429614092848.3,Burgas,602959788358960,Badong
Brazil,34,6/11/1974,Male,Bucky,Eagland,294604349515912.3,Buri,459561663804561,Cube
Peru,47,4/15/1978,Female,Carie,Osselton,494966320917669.9,Yanac,769674918102250,Atlanta
Russia,51,10/6/1983,Female,Janice,Barents,476824801326286.6,Primorsko-Akhtarsk,277746323117299,San Mariano
Nigeria,40,7/16/1983,Male,Rickie,Winsley,223156063948716.6,Ikeja,246554655612082,Butuan
Portugal,31,10/3/1995,Female,Teena,Hedde,519928782657241.1,Feteira Grande,961449642250810,Xinbei
Poland,89,1/16/1973,Female,Arabella,Goudard,358374075635279.6,Skórzec,849431860901911,Bačka Palanka
Russia,66,6/29/2001,Female,Eartha,Finey,927003834061130.5,Zhankhoteko,391812077160032,Ko Pha Ngan
Brazil,75,9/30/1967,Female,Gilbertine,Glasheen,965727052490357.1,Conceição das Alagoas,209226589895962,Xiayang
United States,67,6/26/1992,Female,Toma,Mallon,348443928999022.4,Scranton,270199281537092,Turiys’k
China,57,4/10/2018,Female,Breanne,Dennistoun,244569977993029.5,Hengshitang,260542821426349,Yasnyy
China,88,11/11/2011,Male,Alix,Darington,784566802988397.3,Heimahe,139984041111095,Phutthaisong
Tanzania,16,12/8/1984,Female,Joelle,Oldrey,921251631190983.5,Karema,519303954619371,Ujungpangkah
France,47,12/27/1994,Male,Packston,Molines,140941684044999.7,Tassin-la-Demi-Lune,131008427273566,Kintinku
Denmark,51,1/14/2009,Female,Jewel,Harpin,781124077250175.3,København,682741900810064,Cambé
Indonesia,87,3/25/2011,Female,Sheelah,Duigenan,413905392766654.9,Makui,403967221806108,Regnów
Russia,54,1/6/2003,Male,Agosto,Lorain,351690215491859.6,Mineralnye Vody,794084058296285,Żabieniec
Czech Republic,70,5/4/2018,Female,Hollyanne,Thieme,231710028853397.8,Zákupy,222956663614378,Pinheiros
Thailand,33,2/8/2001,Male,Shellysheldon,Escale,448842671621493.8,Phutthaisong,832566273487771,Banjar Madangan Kaja
China,73,6/16/1958,Male,Elvis,Schelle,217972848422335.8,Wuxing,459887192829245,Gävle
Philippines,33,1/7/2017,Female,Aryn,Aven,111017943180038.1,Tabu,604054846336003,Santa Clara
Canada,94,8/4/1985,Female,Paula,Kings,321428211983330.3,Sundre,828048581251005,Qal‘ah-ye Kūf
Pakistan,86,4/14/1987,Female,Raf,Maulden,630619762936413.0,Shikārpur,946017658822291,Kawage
Indonesia,38,5/22/2006,Female,Jillane,Kelshaw,576886799795961.6,Sambogunung,563601747078515,Kembang
Canada,86,8/29/2009,Female,Andria,Jaffrey,366611523580074.8,Golden,725936258668922,Chenzhouzhai
China,95,4/14/1994,Male,Cristiano,Lynskey,790617190497178.3,Xilu,343019209025505,Bidbid
Indonesia,72,7/8/1961,Male,Graehme,Mallabar,216334070286530.9,Karangora,864649073887229,Slavkov u Brna
Portugal,98,1/28/1973,Male,Barclay,De Carolis,645446398704084.1,Pardelhas,762248259092043,Abengourou
Indonesia,34,6/11/2012,Male,Ly,Grigorey,769212145619363.1,Karanglo,984276154928684,Allkaj
Ghana,95,7/25/2018,Male,Sibyl,Turgoose,748974050924356.5,Tarkwa,988380400794871,Västerås
Indonesia,56,10/7/1956,Male,Hasty,Garrett,238291146705383.8,Cempa,342033778672571,La Tigra
China,55,8/30/1980,Female,Dela,Jeaneau,731741118184045.4,Jiukeng,442878837610149,Jiahe
Philippines,63,3/17/1956,Female,Meggie,Mariel,848966564513714.3,New Agutaya,263298048342291,Vereya
China,40,3/28/1974,Female,Giustina,Wallace,793269363902629.5,Longmen,626378381965118,Qŭshkŭpir
Gambia,88,5/19/1992,Female,Wilie,Meehan,209730083527759.2,Sami,566653596527176,Songnan
Netherlands,32,2/11/2003,Female,Shandra,Bernardotte,480008521947010.0,Dordrecht,510115580678280,Berlin
Mexico,35,12/15/1975,Male,Miltie,Ducarel,428126077918583.4,Guadalupe,813874687118890,Xinjie
France,61,8/25/1978,Female,Rory,Gwinnell,898854157823819.4,Nice,607461158781094,Kālīganj
Portugal,80,3/14/2011,Female,Blaire,Whiting,625475003655308.0,Atalhada,621860549745374,Shuren
Ukraine,95,1/21/1986,Male,Burr,Le Page,621327809658962.9,Yahil’nytsya,942863349041335,Kuching
United States,68,8/29/2001,Male,Sawyere,Akister,329433755739810.3,Washington,145234447346329,Lishui
China,52,10/18/1958,Male,Jamison,Querrard,676964578672576.0,Honglin,237887495029223,Waajid
East Timor,21,9/1/1982,Female,Fredra,Kondratenya,895469640775530.6,Dili,500337615684232,El Tabo
Poland,66,6/4/1993,Female,Chere,Prestige,232169918898146.6,Pszczyna,485398735662449,Logroño
Russia,80,3/31/2009,Male,Case,Drage,149606431542357.9,Rebrikha,306522335135788,Rokiciny
Russia,25,6/5/2015,Male,Ripley,Cranke,399379696617113.3,Admiralteisky,771906662292174,Leyuan
Iran,12,8/3/1996,Male,Jamill,Underwood,148464100834815.0,Tehrān,185891125498217,Kafir Qala
China,29,1/22/1966,Female,Gwennie,Awdry,486407251224704.9,Baitang,527348056062721,Dobryanka
Thailand,93,9/26/1983,Female,Allyson,Southall,784732152187890.3,Tha Bo,970718308532102,Formosa
Macedonia,21,1/1/1987,Male,Hadley,Imrie,694433640370601.0,Dobruševo,756047097863827,Tiandu
Ukraine,98,9/11/1970,Male,Godfree,Anthoin,582551109130003.3,Yarmolyntsi,304692758421078,Staraya Mayna
Thailand,61,12/7/2002,Female,Tomi,Saurin,533411951847868.5,Khueang Nai,341344301430432,Paso de los Libres
Indonesia,80,8/1/2003,Female,Nolana,Clubley,751881482380755.0,Donan,916304962100873,Maracaçumé
China,50,11/22/2007,Male,Noah,Dacke,439180091667104.1,Baoxing,469786764703759,Cunén
Indonesia,100,8/27/2001,Female,Lyn,Skepper,161095188533627.1,Lasehao,386248149231332,Kafr Şūr
China,35,10/29/1973,Male,Niki,Willbourne,614893666304016.4,Jingshan,805521702334670,Qiewa
Indonesia,81,8/24/1984,Male,Joshuah,Roblou,145047549307564.4,Balung Barat,100125361343233,Rozwadza
Mexico,49,7/2/1996,Female,Carmencita,Binnie,593096487207934.8,Del Valle,665449160914222,Shijak
Brazil,37,9/15/2015,Female,Consuela,Parsall,683961115791491.4,Arcos,613663719848508,Pasirlimus
Russia,21,4/17/2002,Male,Anatole,Jeaycock,367345262956900.1,Karmaskaly,543126717860064,Dazaifu
Brazil,91,7/19/1957,Male,Kendal,Caunce,316041974610013.5,Vilhena,507184742796096,Dallas
Brazil,10,9/9/1996,Male,Inglebert,Sessuns,425694521766350.2,Goiás,605877956295987,Budapest
Laos,84,9/16/1959,Female,Onida,Maldin,623589250783702.4,Xaysetha,119243769220366,Colorado Springs
Afghanistan,39,8/27/2001,Female,Denna,Rankmore,227192237738798.8,Kushk,370150458959148,Vohipaho
Ukraine,50,6/23/1985,Female,Delora,Fellon,726334934373784.3,Yarmolyntsi,186735226155851,Lady Grey
Indonesia,82,12/9/1963,Female,Carole,Harvison,180800668679383.0,Bungur,144630745275708,Xinxing
China,41,2/20/2001,Male,Galven,Hunnywell,155254041060004.0,Shiyuan,598588046367866,Fengting
Albania,31,4/11/1994,Male,Rafe,Spraging,673657731738275.0,Krujë,592797330056772,Capacho Viejo
Poland,23,6/12/1977,Male,Munroe,Brundle,951021543362094.0,Straszydle,883584447863516,Vovchans’k
China,74,2/24/1957,Female,Tuesday,Kilduff,204728636450473.1,Zhoupi,277597680833751,Sumberagung
Malaysia,56,5/23/1998,Female,Ellie,Routley,707034427455651.3,Melaka,636965850701282,Dongfeng
Kenya,57,7/29/1964,Female,Kessiah,Pinkett,404612901592684.1,Bungoma,932549016037378,Asheville
Philippines,67,1/22/2000,Female,Gaynor,Hearns,643366577378582.8,Kinatakutan,421363567061483,Belica
Russia,100,10/29/2002,Female,Elsinore,Kilbourne,975297632022931.1,Spasskoye-Lutovinovo,115234128778354,Dobříš
China,70,5/13/2013,Male,Ricki,Soppitt,610900286384284.5,Hougang,696209586849600,Sacramento
Switzerland,75,6/19/1967,Male,Park,Pfeiffer,983725652369184.8,Zürich,569861145520192,Wengaingo
China,16,4/19/1980,Female,Cindie,Gemson,109213172568191.7,Yuzui,934142098197470,Jatiraya
Poland,84,8/31/1979,Male,Eward,Vignaux,591778031648688.8,Nowe Warpno,530844369279553,Sagay
Portugal,54,5/24/1974,Female,Virginie,Cockburn,482993671329680.6,Chavão,215002594898665,Gaotuan
Portugal,93,4/8/1967,Female,Gloriana,Wickwar,897973356251002.8,Alto do Estanqueiro,353921169612623,Syzran’
Albania,40,10/3/2017,Male,Ram,Antonioni,641893883186968.9,Kurbnesh,541230081763271,Jiangdulu
Burundi,84,1/13/1993,Male,Merv,McNirlan,770290092440839.0,Ruyigi,986006525869350,Chão
Japan,15,2/23/1957,Female,Othilia,Bril,475978946102174.9,Mitake,140211618067945,Baima
Portugal,72,8/18/1959,Male,Franzen,Stoffler,282520925351745.3,Peso da Régua,446709071940428,Chiang Mai
Brazil,26,9/1/1960,Female,Trude,Kuhn,342148810503197.0,Capelinha,170654789068964,Kon Tum
Russia,86,11/28/1957,Male,Bastien,Dorgon,347043545328974.6,Iogach,542250400042765,Songculan
China,46,11/8/2006,Male,Mitchael,Peele,837579258625714.6,Wenbi,354361125757858,Staraya Derevnya
Russia,92,5/22/2004,Female,Madeline,Candie,440337651432005.3,Neftekamsk,993334591147825,Concepcion
Indonesia,67,1/2/1963,Male,Reidar,Vayro,659766572115669.3,Nanggela,328730641708312,Prosperidad
Colombia,65,9/22/1981,Male,Chane,Berr,849479772496046.6,Fosca,836552752883465,Woro
China,52,11/13/1970,Female,Britta,Hitschke,648818014807311.4,Lianjiangkou,772946372167088,Wakduwa’ Barat
Macedonia,81,5/18/2001,Male,Keefe,Cheston,126126688155864.4,Butel,730839824439106,Padabeunghar
Serbia,66,7/29/2009,Female,Nikkie,Pietrusiak,699976396184457.8,Beška,766744596197198,Erátyra
Nigeria,88,1/24/1984,Male,Glenden,Fysh,694215184861462.0,Orita Eruwa,116534123667304,Selebi-Phikwe
Philippines,97,11/29/2015,Male,Finley,Rubertelli,494943209438522.3,Boljoon,561828883429896,Baitouli
Tanzania,10,7/9/1981,Female,Aubry,Marten,494170622027339.4,Chanika,825594205990887,Jammāl
Thailand,11,5/31/2003,Male,Bernie,Dowsing,539555831311973.1,Phitsanulok,941326005658786,Karlstad
Brazil,22,1/18/1991,Female,Linnell,Kopisch,434609989114853.3,Cajazeiras,304883486496988,Porto Ferreira
Armenia,48,10/6/1958,Male,Sheff,Fenna,896404452427369.0,Tsovazard,266096481443199,Demak
France,96,5/13/1988,Female,Sherill,Ganforth,391524831510379.2,Nantes,309928073659897,Ponta Porã
Sweden,80,2/1/1975,Female,Jessika,Willoway,782926285536578.9,Sveg,436574294049582,Ostrožská Nová Ves
Indonesia,17,5/22/1995,Male,Osmond,Pashley,649539354139845.8,Muara Siberut,360184069868044,Radzanów
China,31,2/15/1986,Male,Moishe,Krollman,128171573947605.3,Shisandaogou,461596660010827,Ngchesar Hamlet
Philippines,99,5/17/1989,Female,Courtney,Pendleton,172638070309524.1,Pandakan,688074147406595,Shuikou
China,65,7/20/1956,Female,Gene,Kermath,441927370041326.6,Jingchuan Chengguanzhen,623871798325118,Tomobe
Indonesia,42,7/24/1981,Female,Letta,MacKonochie,503140539357427.1,Pelem,413414679752414,Ad Dimnah
Mexico,97,11/1/2003,Female,Doralia,Champneys,982246157281756.0,Guadalupe,276656076252255,Vanderbijlpark
Ukraine,95,11/11/1972,Male,Ellswerth,Cheese,772216384481511.3,Rybache,129040803300051,Santa Cruz do Rio Pardo
Greece,70,5/6/1996,Female,Valencia,Alpin,335188312713602.4,Psará,238875240971043,Huiwan
Palestinian Territory,32,6/11/2001,Female,Herta,Leynton,156702219390802.1,Bayt Maqdūm,818124038199948,Trieste
Philippines,91,8/19/1970,Female,Liana,Gribbin,417077853772772.1,Balingoan,660208225305319,Naebugis
Philippines,17,8/31/1978,Female,Adrianna,Dake,457653542787726.7,Dueñas,876315415656494,Qukës-Skënderbe
Thailand,62,4/25/1961,Male,Woodrow,Lutton,793414202957599.1,Na Khu,249351695994728,San Antonio
Belarus,11,11/7/1972,Male,Martie,Funnell,396246173118545.6,Byerazino,934729222958118,Mbanza-Ngungu
China,80,5/29/1986,Female,Sibylla,Minto,690269746658671.3,Zhongcheng,226995331014200,Roldanillo
China,62,11/19/2012,Male,Wayne,Teare,174381611042429.9,Gaofeng,277085430724395,Pangkalan
Ukraine,23,7/29/1968,Female,Pavia,Drinnan,168315034972780.5,Bila Tserkva,157714406540550,Bergen
Philippines,87,7/8/2003,Female,Kathe,Blazevic,690527052474869.1,Santiago,988457506266411,Zhongdong
China,18,8/12/1986,Male,Yule,Sheridan,563380641588936.0,Juegang,565193527482426,Palaihari
France,81,3/2/1994,Female,Robbin,Atling,430635014495800.1,Montauban,368100394171800,Polo
Nicaragua,16,8/30/1981,Female,Avrit,Chesher,672599625984079.9,Jiquilillo,519691657742415,Pampas
Canada,28,7/27/2003,Male,Ricardo,Scrine,808407322798468.9,Drummondville,663349353734416,Parigi
China,67,2/21/1961,Female,Rakel,Clemmett,434678733651466.8,Huochezhan,668378838368401,Xunzhai
Japan,40,10/20/1956,Female,Vivianne,Inchbald,339818067422975.1,Yoshida-kasugachō,695865201028773,Manzanares
Poland,38,8/28/1981,Female,L;urette,Bartolomieu,568868482680278.1,Mazańcowice,679041792525019,Hammam-Lif
France,68,9/30/2011,Female,Nollie,Abramov,428332603815423.0,Dijon,486870259726359,Gunungkendeng
China,49,1/31/1961,Male,Mycah,Issacof,811561604287056.8,Maodian,373603727716370,Nekla
China,33,10/11/1972,Female,Charo,Mahody,760159909218676.6,Ningtang,129083911417487,Bhokadoke
Philippines,34,12/18/1976,Female,Bobette,Lathwood,907473920303607.0,Camp Flora,609706579947359,Visconde do Rio Branco
Philippines,23,5/3/1995,Male,Mose,Guilliatt,774637490399278.3,Babatngon,534610919909403,Kurungannyawa
Thailand,53,2/26/1985,Female,Janene,Mephan,529415555038300.0,Sukhothai,830884240990777,Puyang
China,99,12/9/1991,Male,Dewain,Zorzoni,335220225112730.4,Dengfang,597017684706989,Cáceres
China,19,2/14/1956,Male,Nicko,Ninotti,650221491196527.8,Shulan,326416228529293,Mishixiang
Russia,99,11/22/2001,Female,Coreen,Siviour,678990843159462.6,Okhotsk,227387203875773,Shanxi
Poland,12,4/5/1960,Female,Netta,Wightman,982872181909937.9,Rzgów,932207030005908,Shimen
China,85,8/3/1977,Female,Robinett,Tungate,185277546835215.5,Gyangkar,402345818775093,Sadang Kulon
Sweden,84,2/26/1975,Female,Sybilla,Bayldon,319652066139640.3,Vänersborg,767583622455863,Huping
Brazil,84,9/14/1981,Male,Ingra,De la Perrelle,705131213784222.3,Palmeira,831647530888308,Andalucía
China,55,5/3/2006,Female,Marion,Biasotti,527286539040090.1,Mulong,636121253161902,Longhe
Japan,97,10/16/2017,Male,Bat,Mounsey,296618519316487.6,Kameda-honchō,203801016143610,Ruma
Sweden,98,5/31/1963,Male,Giavani,Morey,848715567483426.1,Sundsvall,180533292566424,Santo Tomas
China,42,7/6/2011,Male,Ewan,Kyngdon,474928369279178.2,Houxiang,716968333523719,Górki
Russia,67,7/10/2011,Female,Sarita,Sedcole,522927982905633.1,Pervomayskoye,291927649409720,Cayenne
Lesotho,19,3/27/1959,Female,Kirbee,Kerrod,114151555424407.8,Maputsoe,255799548488347,Otlja
Myanmar,88,4/30/1970,Male,Judah,Simeonov,608191029252132.0,Kyaukse,600229019176054,Prroshyan
France,38,6/16/1992,Female,Janey,Bogace,630877068168161.5,Manosque,669485370361290,Kanuma
Ukraine,55,5/13/1965,Female,Sheilah,Basindale,642979525126699.8,Kryvyy Rih,379079230704119,Alegria
Ukraine,30,1/6/2015,Male,Domenico,Hearn,957730643975466.5,Scholkine,174552161193680,Louisville
France,57,12/7/1966,Female,Nelle,Carabet,323877291001190.1,Nîmes,562294052921803,Casais Baleal
Philippines,44,1/22/1985,Female,Bambi,Van Dijk,299799479693438.6,Nailong,101899339692163,Jankomir
Poland,91,1/13/1996,Male,Vail,Shippam,654103102320296.8,Bystra,719732683237904,Redondos
Thailand,67,4/28/2007,Female,Kenna,Carey,650255069397026.0,Kui Buri,677986644288655,Kobeřice
Portugal,30,9/24/2012,Male,Horatio,Dalgardno,475063024787086.6,Afonsoeiro,786139906612305,Behbahān
Japan,62,9/8/1977,Male,Franklin,Eccleshall,855837142180923.8,Sasayama,611268594948624,Avignon
Indonesia,33,8/28/1990,Female,Quinn,Bernardi,170955021704953.3,Majalengka,802848156874667,Jianrao
Ukraine,95,7/16/1974,Female,Ashlee,Afonso,801049368915418.1,Turiys’k,296848197118439,Järfälla
Trinidad and Tobago,12,3/11/2004,Male,Reinold,Kobpal,654069996870035.8,Siparia,676469134378072,Banjar Kawan
Russia,81,7/11/2000,Male,Douglas,Denziloe,533269692063000.0,Starominskaya,344800064191178,Sydney
Nigeria,47,9/18/1978,Female,Elspeth,Sessions,677796037891292.0,Akure,684362391331359,Gandra
Sweden,82,12/14/1958,Male,Arnaldo,Robion,760659312309506.8,Stockholm,459915894897209,Bakovci
United States,11,3/11/2010,Male,Whitman,de Cullip,680400576444989.8,Seattle,439963898673455,Guihuaquan
Colombia,28,9/18/2002,Female,Orella,Haylor,929016557656157.0,Sincelejo,274655226706973,Cajolá
Uruguay,85,10/4/1978,Male,Jessee,Allsopp,562054878387684.0,San Javier,484606108025410,Bayt ‘Adhāqah
Mexico,38,5/1/2014,Male,Eldin,Bythway,788126310721211.4,Lindavista,682937730505240,Kladanj
China,95,7/10/1977,Female,Cyb,Kellie,276886363257610.3,Longhua,273090846803952,Warmbaths
Egypt,64,6/29/1999,Male,Thaxter,Cady,318430422361265.1,Damanhūr,285909159748286,Le Chambon-Feugerolles
France,66,8/23/1990,Male,Rutger,Bukac,934913933798428.0,Nantes,853713426911261,Meijiang
China,11,10/10/1973,Male,Rawley,Valerius,865406677571626.6,Wufeng,982490600601286,Lokoja
Dominican Republic,94,5/3/1972,Male,Benn,Rendall,276915092527959.4,Concepción de La Vega,834224061219624,Pagsanahan Norte
Guatemala,73,1/12/2004,Female,Paulita,Folan,765411631060234.1,Puerto Barrios,178059586790204,Xinghua
Poland,59,6/9/1957,Male,Moss,MacAnulty,957736061284800.1,Sulechów,622580113743206,North York
China,57,6/4/1997,Male,Keith,Grove,796389703213280.0,Hedong,443005908976404,Yuanyang Zhen
United Kingdom,58,1/15/1993,Male,Tally,Shearer,848106453084204.1,Hatton,153237526874337,Alkmaar
China,42,12/7/1970,Male,Gerrard,Klaesson,794711685838198.9,Wenxing,463741590124776,Dlemer
Egypt,41,12/5/1960,Male,Bank,Matchitt,526111841397658.9,Damietta,227780284240451,Tulle
Russia,16,1/24/1967,Male,Booth,Dommersen,296551048909717.4,Suntar,360417242392831,Siyang
Italy,78,7/17/1995,Female,Sadie,Pettitt,543447742665298.9,Roma,651491316864634,Chuangye
China,13,11/24/1975,Male,Eugenius,Keener,699754911936645.3,Shencang,488837270685011,Ozerki
China,92,8/8/1993,Female,Malory,Nairns,870535435906556.9,Hengshan,481120003747785,Oued Zem
China,70,10/2/1958,Female,Luci,Towl,626161335994077.3,Shagang,867255683449714,Proença-a-Nova
China,27,5/25/2007,Male,Mateo,Pallister,374286007058863.4,Liushutun,294806181189130,Banjar Tegal Belodan
Mexico,36,8/22/1957,Female,Norina,Ainge,504833621400792.1,Guadalupe Victoria,605504669756766,Vinhedo
Ukraine,16,12/4/1982,Female,Charmain,Dikles,240226537837912.5,Bila Tserkva,499803070178988,Shiyan
China,64,7/17/1984,Male,Araldo,Ipgrave,236409359198466.2,Dingshan,830220653790723,Santa Teresa
Czech Republic,98,7/9/2003,Male,Skye,Davis,570902228192455.0,Humpolec,698788611158087,Liloy
Greece,63,4/30/2006,Male,Godfry,Beven,101867091721225.4,Pórto Chéli,240835978839836,Letsheng
Indonesia,85,6/28/1990,Female,Leta,Duplain,472677924231482.9,Karangjaladri,176964950227700,Comitancillo
Philippines,46,4/25/1968,Male,Donnell,Vivyan,874407771551077.9,Paluan,547735221574040,Poshekhon’ye
Portugal,100,11/4/2011,Male,Evin,Oakeby,380382411064515.4,Farinheiras,354181420223686,Hodoš
Russia,36,11/19/1957,Male,Stefan,Fealty,678768078596280.3,Salmi,253054898610327,Chengnan
China,31,9/26/1980,Female,Fredi,Tinston,893589795656711.9,Heimahe,923033715210876,Iúna
China,69,10/4/1999,Male,Bendicty,Voaden,206126663262948.4,Xiema,414313022255867,Chochkan
Bulgaria,38,9/27/1959,Female,Bobina,Hallede,457900249373731.3,Yambol,267732466475212,Niños Heroes
Brazil,25,11/18/1978,Male,Bastian,Flippen,514793751121579.8,Pantano do Sul,646912955772525,Kalilu
Russia,61,7/1/1999,Female,Leia,Matzaitis,112353667464783.8,Serebryanyye Prudy,616357061736544,Bissau
Philippines,45,8/7/1975,Female,Danika,Cregeen,287724406731200.8,Tamiso,451029309042813,Lyon
Indonesia,34,4/4/2017,Male,Arv,Steed,539762798043762.3,Guwoterus,537492801077736,Singaparna
Ukraine,31,3/9/1995,Female,Sherrie,Szymonwicz,603964845927717.8,Perechyn,570320069611448,Novo Hamburgo
Bulgaria,45,6/25/1981,Male,Hinze,Bellhouse,543558485008105.4,Sŭedinenie,179086652148306,Al Qurḩ
Indonesia,48,1/13/1969,Female,Tomasina,Mattheeuw,724550562109615.1,Lawesigalagala Timur,595838229997004,San Jose
Finland,30,9/6/1984,Female,Karen,Eyre,201234703257194.9,Virolahti,186569951258630,Duqiong
Slovenia,16,10/2/2007,Female,Ariella,Tupling,383287869896419.8,Tišina,220277236533531,Augusta
China,33,6/12/2012,Female,Kellyann,Simoneton,150974795203831.5,Daqiao,877968633026034,Borzęcin
Sierra Leone,14,3/27/2015,Female,Kelley,Dockerty,609530704756554.5,Masingbi,379110610967578,Gutalac
Libya,11,11/10/2016,Female,Sibelle,Neilan,555256976759969.9,Marādah,916274248932193,Shuangcheng
Indonesia,56,3/26/1975,Male,Xavier,Blockey,969703955430099.9,Sinarharapan,644210462311991,Áyioi Apóstoloi
Serbia,60,8/31/1988,Female,Camille,Levin,632511534106428.8,Dublje,226043409081523,Hošťka
China,67,11/10/1989,Female,Pet,Brandsen,465993895279691.1,Jiangpu,714064001610314,Péfki
Botswana,75,7/29/1976,Male,Rip,Gorgen,651831144254025.0,Ghanzi,815009028914644,Toamasina
Philippines,90,11/5/1993,Female,Grazia,Kildea,289856691464453.1,Malino,487412442885582,Thayetmyo
Vietnam,80,8/15/1984,Male,Finley,Yann,173731403810125.0,Quốc Oai,431337416969435,Banjar Peguyangan
Indonesia,27,7/27/1980,Female,Mary,Fairbourn,815124810182670.4,Gorang,630907740802132,Cabreúva
Philippines,41,3/16/1995,Female,Dona,Winsiowiecki,760325749481539.6,Lopez Jaena,990588465941617,Sydney
Kazakhstan,62,9/28/1972,Female,Cassie,Erickssen,571466078315871.5,Baykonyr,717720468787781,Guangdu
Indonesia,35,4/5/2011,Male,Neall,Raulstone,943078613372774.8,Resapombo,143825357636821,Nacka
Chad,35,4/22/1957,Male,Dmitri,Gorman,106473853121244.7,Biltine,717713473576379,Kadoma
Sweden,12,10/11/1980,Female,Naoma,Heppner,954999012731784.9,Sandviken,625818136400633,Kayangel
Serbia,95,2/5/1990,Female,Missie,Kinsey,637040125449266.5,Aradac,880954978475127,Pásion
Syria,23,7/8/1974,Female,Marty,O'Luby,261127879102908.5,Ar Rawḑah,773488790922525,Laḩij
France,99,6/19/2011,Male,Irving,Scantleberry,366971010046744.6,Marne-la-Vallée,888110545259286,Jardim
Japan,21,4/14/1988,Male,Berk,Turtle,131577253931754.2,Maebaru,901234175636530,Stockholm
Nigeria,27,12/29/1981,Female,Debee,Statersfield,147392459876003.1,Bornu Yassu,565237857451205,Volokolamsk
China,63,3/12/1985,Male,Rudy,Reuben,690914176616423.1,Hengdian,708359779158894,Jianyi
Ireland,95,1/5/1969,Female,Raphaela,McCrow,275645765555124.0,Kildare,628183707224990,Jiangtian
United States,42,9/28/1975,Female,Elsie,Oldland,312770721428003.3,Albuquerque,216078777831712,Kulotino
China,71,3/25/2005,Male,Stevy,Reddell,405722593310757.1,Sanhe,431005817556630,Gorskaya
Philippines,89,12/24/1986,Female,Dayle,Cleal,121115470162856.5,Banocboc,302223382218657,Jimenez
Indonesia,41,2/14/1975,Female,Amata,Arrigucci,940523597489099.9,Krajan Bejagung,176955817608256,Örebro
Indonesia,65,9/8/1993,Female,Cate,Holby,177910939241244.0,Sulitair,592223168925050,Hualian
Colombia,55,6/3/1993,Male,Errol,Neild,946764003106513.6,Armenia,884418811149411,Dampit Satu
Philippines,12,8/17/2012,Female,Elyse,Ost,314335787294942.3,Carmelo,489384175528725,Pasadena
China,97,8/8/1963,Female,Almire,Skirrow,331271981822471.8,Shahe,524425085178999,Porto-Novo
Kuwait,97,6/13/1958,Female,Rae,Adnam,131381344362913.2,Ad Dasmah,408984984676084,Yaxi
Indonesia,49,1/23/2006,Female,Allison,Ferriby,275848508742272.9,Waso,637553687864543,Norrköping
Brazil,80,5/25/1986,Male,Webster,Giacobillo,392952479806257.0,Limoeiro do Ajuru,640847098754085,Tangkil
Australia,23,10/21/1984,Male,Horacio,Baus,926234179034683.9,Hobart,157812520327495,Barobo
Portugal,38,6/16/1964,Female,Loraine,Curneen,773202610977418.6,Costa Nova do Prado,615878775084608,At Tibnī
Kazakhstan,76,11/5/1989,Female,Shalna,Kopje,394008169167174.0,Atyrau,184547980142269,Bao’an
Albania,98,6/1/1992,Female,Biddy,Gethings,784423447492387.1,Arras,126496666173122,Huangqiang
China,25,3/24/1996,Male,Fredrick,Byrnes,913983592540206.4,Guanshan,409908870546589,Liješnica
Finland,63,9/13/1991,Male,Arron,Trimming,948825977896380.0,Juupajoki,482718578127598,Hedao
Nicaragua,30,3/14/2012,Female,Glad,Hanlin,895194690956758.1,El Sauce,219065541794379,Huimin
Canada,33,8/27/1989,Male,Eberto,Nesbeth,905769515155502.3,Kamloops,540832518367610,Lagunillas
Nicaragua,32,1/20/1958,Female,Nalani,Fuzzard,731061009623699.0,Puerto Cabezas,986344717646537,Gračec
South Korea,64,8/25/2012,Female,Josey,Llop,992336082587017.3,Incheon,404630074372164,Xiaodukou
United States,72,9/22/1958,Male,Drud,Haggus,246820536553337.1,Philadelphia,484648302794061,Bagumbayan
Brazil,27,6/6/1978,Female,Erena,Kane,590422690874337.6,Rio Preto da Eva,418760538902079,Maragogipe
Sweden,45,1/14/2011,Female,Kacie,Shearmer,905094997557905.1,Göteborg,198873944728263,Skaramangás
Guatemala,21,6/8/2005,Female,Cathleen,Cotes,240599269420938.9,Santa Ana Huista,183989622437365,Majingklak
Brazil,60,5/21/1987,Female,Lauree,Bushaway,733834338711804.5,Três Rios,592993580224234,Eydhafushi
Poland,80,11/17/1971,Female,Page,Covely,597644708145426.3,Skoroszyce,670225072372375,Karangpeton
Canada,64,10/9/2000,Male,Melvyn,O' Sullivan,606453668091599.6,Princeville,834904564449629,Jiangtian
Nepal,86,9/2/1963,Female,Lonni,Santarelli,740251425541453.8,Birātnagar,998772431449426,Haarlem
Indonesia,48,11/26/2006,Female,Sorcha,Kiddle,597152370492025.6,Krajan Selatan,436116762063055,Kilkís
Poland,19,1/24/1967,Male,Eustace,Higford,172062734749683.1,Kęty,563510024701770,Anzhero-Sudzhensk
Philippines,38,2/15/1984,Female,Blinny,Levane,314298724791364.9,Tipaz,232236442879320,Vạn Giã
China,45,10/28/1996,Female,Freda,Roiz,346066248718562.7,Dianfang,499945349981026,Cahuanuyo
Indonesia,82,2/13/1992,Female,Alberta,Catanheira,217060368701277.8,Tebanah,296907492306580,Raposos
Guatemala,76,4/11/1960,Male,Ase,Gosz,291295162055366.3,Santa Cruz La Laguna,977550864724836,Karangtanjung
Poland,55,8/2/2004,Female,Rosina,Libermore,522962960383321.5,Jedlińsk,587467105806469,Des Moines
Poland,84,7/30/1998,Male,Giffie,Grosier,761719869240849.4,Bielawy,422033705419958,Bella Vista
Indonesia,99,7/12/1988,Male,Ely,Buck,708866732824293.4,Nglengkong,216207052584443,Smiths Falls
Greece,68,8/10/1981,Female,Tildy,Crumpton,899155056887992.0,Megalópoli,157450937439114,Yudai
Poland,42,3/14/1992,Female,Courtenay,Yosifov,296115571438379.6,Klonowa,287993322617081,Timurlorong
Poland,68,6/14/2015,Male,Benoit,De Vaar,627412874556440.0,Zagórów,962528466374907,Shitan
China,69,6/13/2017,Female,Kelly,MacWhirter,699085881525667.0,Duobao,826499079801241,Boa Esperança
France,50,11/23/1992,Female,Nicolea,Beauvais,104464930591140.1,Strasbourg,270132196031639,Jianba
Tanzania,18,11/3/1990,Female,Shawna,Alleway,945374047960191.8,Konde,270304045966161,Jindayris
Indonesia,67,8/27/1971,Female,Wilone,Abadam,538529664596460.9,Susoh,240460925755442,Besole
Philippines,19,5/24/1985,Male,Stern,Dring,848562930413195.5,Mat-i,284208736266394,Swellendam
Russia,62,8/12/1984,Female,Jennica,Herculeson,246237809092881.1,Pervoavgustovskiy,252576718517086,Phu Khiao
Russia,20,10/26/1993,Male,Virge,Chapiro,202509345923859.1,Il’ka,564821704595185,Zhangaqorghan
Slovenia,35,11/7/1998,Female,Bathsheba,Munslow,893678734689062.5,Cankova,707384599583426,Storuman
Iran,23,12/5/1999,Male,Loren,Tesmond,186938193559861.4,Zehak,869125662743527,Longde Chengguanzhen
Tajikistan,59,10/14/2008,Male,Phil,Seiler,237236748866078.0,Ayní,292321097409686,Petropavlovsk
Ukraine,57,9/4/2000,Female,Rosamund,Willman,629340357786592.6,Sivers’k,363442132031112,Stockholm
Gambia,42,11/22/1980,Female,Pearla,Scrimshaw,390262814428645.1,Brikama Nding,275974862039624,Sagbayan
South Africa,32,9/2/1962,Female,Glori,Polet,973904549473026.3,Heidelberg,412808670094194,Le Blanc-Mesnil
China,17,8/24/2004,Male,Laird,Hardbattle,118991908702502.2,Jiamiao,104002955694532,Mafeteng
France,78,3/25/1963,Male,Abram,Brawn,597680605846956.5,Paris 15,441898417961603,Šumperk
China,93,9/29/2001,Female,Susi,Calterone,541820953278453.4,Tieli,371017502178176,Khagrachhari
Canada,81,12/20/1963,Male,Gerry,Morgen,828565350682781.1,Lévis,587958884951568,Ballinteer
Greece,15,2/7/1976,Female,Rosette,Gawthrop,468491385608471.4,Ágios Stéfanos,528759411207413,Port Moody
Morocco,15,7/19/1986,Male,Vinny,Daviddi,911035044157667.1,Oujda,320218040578793,Cuauhtemoc
Samoa,96,9/19/1959,Female,Georgianne,Gruszczak,769779155351241.3,Vaiusu,334723137465845,El Capulin
China,43,10/4/1980,Female,Leola,MacGorley,161696379618291.8,Pancheng,301117075557678,Baihe
Argentina,10,5/24/1987,Female,Alysia,Goalley,319253721450640.0,Comandante Luis Piedra Buena,462030423920866,Molinos
China,87,5/26/1992,Male,Lauritz,Twidale,403894342208065.4,Xinzhan,977350958976953,Chechenglu
Brazil,14,10/28/2002,Female,Erminie,Domel,295749644567364.3,Itabirito,704516267726209,North Side
Guatemala,27,4/9/2014,Male,Konrad,Reddle,939695789248205.1,El Quetzal,145046304142979,Keboncau
Honduras,52,7/31/1994,Male,Andres,Bolte,463962614296160.5,El Rancho,330596109690823,Solsona
China,23,7/17/1957,Male,Emery,O'Halloran,258880521689993.6,Zhouzhuang,108334737087046,Sundsvall
Syria,52,12/28/1961,Female,Easter,Rimer,373792551466513.4,As Suwaydā’,406431948087652,Dongshi
France,87,1/30/2015,Female,Gabbi,Giacopello,311514055296646.4,Bobigny,409038099691836,Barrosas
Peru,72,6/20/2010,Male,Eduard,Brands,109024332628408.0,Cerro de Pasco,790104509446026,Ribamar
Russia,70,4/26/2018,Male,Chaim,Coggins,339324863678439.3,Yelizavetinskaya,714808009399362,Penteado
Malaysia,72,9/28/1989,Male,James,Pesterfield,609725535107846.5,Kuala Lumpur,581857255121586,Velyka Lepetykha
Uzbekistan,62,10/30/2015,Female,Korrie,Kanwell,381873278814974.7,Yangi-Nishon Shahri,569480916081372,Dąbrowa
Russia,91,12/18/1974,Female,Jasmin,Tockell,480164772558844.3,Novozavidovskiy,393648023874728,Takasaki
Portugal,77,12/15/2002,Male,Davide,Davidy,889527828043857.6,Quintas,408190128556914,Tqibuli
Poland,93,5/18/2011,Female,Christi,Phillipson,623666933444601.6,Połaniec,464690767857909,Nurlat
Indonesia,63,5/5/1997,Male,Prent,Alltimes,142059095810711.0,Tohong,114158666696065,Hutag
Philippines,86,10/14/1966,Male,Broderic,Ivanaev,456539326639582.1,Vitali,616135908798544,Ramada
Thailand,97,2/20/1961,Male,Lamar,Kindread,560756923948702.9,Pakham,754679188080115,Kostyantynivka
Armenia,74,12/25/2005,Male,Roland,Rookes,463693321797138.3,Areni,705695733962442,Skalat
China,98,11/8/2006,Male,Mycah,Gillard,559003570427724.2,Hor,722094101694697,La Paz de Oriente
China,21,9/24/2003,Female,Nadeen,Blake,274930465568851.6,Shuangfeng,962406725160417,Tottori
Czech Republic,55,12/31/2004,Female,Leoline,Repp,258359705206234.7,Bartošovice,871272244248782,København
Philippines,19,1/7/2008,Female,Reeba,Gascone,704595795932241.3,Poctol,611455760353203,Zamora
Russia,30,5/8/2011,Female,Valli,Coogan,675916346991062.6,Leonidovo,568249607575333,Fangtang
Peru,12,5/22/2015,Male,Paige,McIlmurray,848953821790649.9,Pilcomay,533633069925374,Oulad Frej
Norway,74,4/19/1999,Male,Curtis,Coggin,501788836397812.3,Oslo,752955193230732,Itaporanga
Russia,62,4/12/2000,Male,Bondon,Lippini,382434407490073.4,Uglyanets,655438280136977,Duifang
New Zealand,48,6/18/1968,Male,Dal,Haydney,323840215639675.6,North Shore,421444418095302,Samouco
Indonesia,95,8/29/1981,Male,Skelly,Gerwood,463131943952660.4,Dukuhturi,123868725087522,Kuala Lumpur
Latvia,83,11/6/2018,Female,Neysa,Streat,835235956034643.1,Inčukalns,661658221307929,Xiaolong
China,79,6/20/1995,Female,Daisi,Patkin,820679741419602.5,Fuchang,251544550363389,Tanabe
Indonesia,43,12/25/1968,Female,Deanna,Griston,178523694098663.6,Sasa,310900529306399,Gunjur Kuta
France,92,7/17/2008,Female,Cris,Cardenosa,836409443200631.6,Annecy-le-Vieux,873399131884925,Radviliskis
Micronesia,99,11/23/2010,Female,Courtney,Capehorn,319584909684651.6,Oneop,941538681549490,Garbolovo
Ukraine,78,11/26/1989,Female,Tiena,Ferrers,267937110506505.4,Zolochiv,921424496818874,Chahannao
Russia,74,4/21/2010,Female,Nelle,Locks,851058792498756.5,Pechora,720447588328674,Fteliá
China,27,4/26/1996,Male,Demetri,Sidworth,256372583259872.3,Jincheng,701360223426231,Jinshanwei
China,85,8/4/1988,Female,Hester,Imore,550132272996740.3,Hongshunli,598534197113189,Tomorlog
Greece,68,7/2/1997,Female,Jo,Cowperthwaite,369974034447326.0,Mykonos,897429176952963,Banepa
Philippines,52,7/26/2008,Male,Delmar,Ciciari,556091134168844.2,Lombog,834857681786706,Herrán
Philippines,45,4/24/1985,Female,Selena,Konzelmann,994103299496836.4,Gabi,102429010960015,Taraš
Cuba,18,7/11/2001,Female,Evelina,Richemond,691154649292024.4,Banes,197930973442617,Tarnowiec
United States,57,10/24/1974,Female,Shirline,O'Hallihane,654728126052821.1,Virginia Beach,611702484201884,Zhongguan
Jamaica,18,7/27/1992,Female,Elly,Tillman,404678152196212.1,Alexandria,415525682105436,Kongolo
China,48,6/30/1994,Female,Vyky,Moraleda,277822058605121.8,Yangdian,866518102211904,Richmond
Bosnia and Herzegovina,75,8/26/1957,Male,Garrard,Slator,271429570643639.6,Šipovo,574694615763576,Babice
Bulgaria,10,6/24/1971,Female,Fidela,Tollerton,484948565450954.3,Kazanlŭk,638985957092637,Kaduluhur
Indonesia,28,11/19/1992,Female,Lola,MacTrustie,362565186284937.3,Bangrat,215865899762406,Talisay
Brazil,67,4/4/2008,Male,Gaston,McCarrick,583587811324398.8,Maragogipe,102574654274833,Chiriguaná
Jamaica,68,1/23/1997,Male,Sven,Hemms,840409894508653.6,Linstead,276937441732845,Tessalit
China,35,12/10/2005,Male,Bogey,Gumery,871476738855579.6,Huanglong,359769195588574,Nong Ruea
Pakistan,48,3/30/2010,Male,Gibby,Greet,364424517171390.5,Kotri,920880678144125,Shangtang
China,15,3/16/1975,Male,Markus,Jouhandeau,445649395896786.7,Bailingnao,628869821914209,Funan Chengguanzhen
China,26,9/20/2014,Female,Katusha,Durdle,743959808808254.9,Taiping,287961426498321,Pestovo
Mexico,30,3/20/1990,Male,Richmond,Olyet,805481782345795.0,Hidalgo,172304323185895,Jiaoziya
China,56,1/15/1977,Male,Ives,Matlock,198290586359792.1,Tuqiao,687172315049375,Barong
Jordan,52,3/1/1982,Male,Jaymie,Sworder,585934781299418.5,Karak City,713615173518683,Valinhos
Russia,26,1/29/1978,Female,Gerrilee,Chaffer,785846429978923.1,Liski,249300940830451,Binawara
China,49,2/2/1988,Female,Clarisse,Hanaby,695391769745696.1,Qianpai,879628602489462,Al Ma‘allā’
United States,82,3/6/1963,Female,Kittie,Copcott,961891096989138.1,Washington,824588293196970,Vuokatti
Portugal,44,10/4/1996,Female,Alena,Ferby,309586935885034.2,Mourelos,610123484444428,Alegrete
Russia,59,8/21/1963,Female,Merna,Merrifield,429066500161642.6,Syamzha,307423593093737,Bol’shoy Kamen’
China,80,12/7/1997,Female,Lilian,Michal,874141607510518.5,Zheyuan,485718729981222,Anping
Brazil,94,7/23/1990,Female,Celle,Wandrich,944917915249057.5,Limoeiro,260465937610177,Tajerouine
Brazil,36,8/14/1983,Male,Tomas,Banisch,977440710391476.6,Serra Talhada,611177591216272,Barishāl
China,45,7/11/2009,Female,Cindelyn,Kiefer,966501781913206.6,Sairam,221265257305110,Pīr jo Goth
China,59,9/16/1969,Female,Liza,Ellor,265203594026076.2,Tianshan,831621256389295,Retiro
Serbia,27,11/30/2010,Male,Stephan,Pennycord,442626741064384.9,Perlez,921269635924830,Nakhon Phanom
China,36,11/27/2011,Male,Vassily,Sponton,563945947697878.8,Luoshan,282660357199230,Konkwesso
China,32,11/3/1966,Female,Marleah,Snawdon,486329005570449.4,Xuling,359978200805739,Kovrov
Belarus,10,5/7/1983,Male,Brennan,Perillo,975600809716491.3,Turets-Bayary,666842285542590,Şirvan
Russia,72,10/6/1984,Male,Homere,Betancourt,673670972019534.0,Kineshma,633904129158848,Murowana Goślina
Philippines,37,3/19/1993,Female,Tobe,Glidden,544030559742795.2,Gasan,469241097185760,Agrínio
Canada,84,8/25/1956,Male,Teodoor,Nicklinson,875389242269878.9,Marathon,434099230927417,Sidomulyo
Portugal,46,9/9/2016,Female,Maryrose,de Zamora,820732952847597.8,Vale Boeiro,972922619250480,Concepcion
Botswana,74,12/23/1991,Female,Kary,Glowach,653839691218560.8,Lenchwe Le Tau,292892479289996,San Jerónimo
Indonesia,37,9/30/2013,Female,Ardyce,Lanchberry,626015905404767.0,Tajan,337410398076341,Sukarama
Colombia,68,9/10/2013,Female,Zola,Muggleton,696278200940027.6,Remedios,363397257978391,Siquirres
Indonesia,100,7/24/2003,Male,Linus,Edgeley,519333484656038.1,Tanjung Palas,105990235434164,Fāryāb
Serbia,43,1/4/2015,Male,Yulma,Basilotta,397476829018643.3,Ostojićevo,684652670983951,Socorro
Brazil,97,2/26/2001,Male,Obadias,Sheffield,817777813500304.5,Santo Antônio de Jesus,110019812707891,Rangxi
Indonesia,32,4/27/1983,Female,Sheryl,McComiskie,288825712400354.4,Sindangbarang,688187988920881,Butiama
Indonesia,99,6/22/2002,Male,Patrice,Muris,265687979437024.5,Bambanglipuro,425227153867810,Gutian
China,20,8/5/1978,Male,Alfy,Rishman,982780360528616.6,Xiangjiazhai,130295492618170,Hrochův Týnec
China,25,6/22/1973,Male,Kenyon,Antoniak,470207497707712.5,Yingtan,492754388023663,Dhaka
Morocco,67,11/30/2009,Female,Katti,Kondratenya,256901035164500.9,Mosquée,699226726813319,Bera
China,19,1/28/1974,Female,Keriann,Humpage,241109709930542.7,Bajingzi,202366889453922,Tras Cerros
Tanzania,79,12/30/2012,Male,Blane,Jubb,133498145392769.8,Namalenga,104328618011512,Jiangdianzi
Japan,100,2/9/1986,Female,Annette,Demead,709645651961398.8,Yashio-shi,463064976624821,Nice
Russia,78,1/20/2006,Male,Stephan,MacDermot,623991514032930.0,Kuvshinovo,826099107281774,Tuchengzi
Philippines,96,7/7/1973,Male,Gibbie,Musla,287690953065341.0,Upi,124764595453106,Srinjine
Russia,86,6/10/1976,Female,Katheryn,Durnford,357364423193648.8,Orlovskiy,477366208029706,Valle de La Pascua
Indonesia,47,3/22/1970,Male,Andrew,Smalley,310632148917077.9,Oeleu,907948274555125,Zunilito
Venezuela,20,8/8/2018,Female,Shanon,Gerbl,855386720352538.9,Santa Catalina,760371371277137,Binglincha
Greece,93,2/21/1970,Female,Andromache,Urwin,150828911410421.8,Antíparos,592406205043115,Tashanta
China,73,10/5/2008,Female,Larisa,Kerfoot,858557210641097.6,Sangtian,537152190033124,Payxambabazar
Indonesia,37,2/10/2011,Male,Jacky,Calway,907655075336408.0,Bojongbenteng,194234287662117,Sidrolândia
Canada,25,9/1/2017,Female,Darcy,Roblett,263661820694643.7,Morinville,730800216022455,Guangyuan
Vietnam,72,11/4/1997,Male,Felizio,Landor,977571498191425.6,Cầu Giấy,691729850000508,Kitakami
Russia,44,7/31/1992,Male,Hillier,Andriveaux,970704053270653.3,Torbeyevo,758523497078345,Lysice
Japan,35,9/17/1987,Male,Amory,Tuerena,176982243728702.6,Narutō,210726271348696,Téra
Peru,38,4/30/2017,Female,Galina,Guinane,321418260327559.4,Nueva Arica,527067475122645,Semerak
China,50,8/20/2009,Female,Rodi,Macbane,169309169557728.3,Wenxi,470957909155645,Sungaibengkal
Libya,13,12/15/1971,Female,Cecelia,Saylor,245066090338742.4,Ajdabiya,179124197947866,Oumiao
Myanmar,48,2/9/1987,Male,Kristopher,Thorneloe,371128511976522.6,Thaton,414568096025615,Saint Louis
Russia,55,2/28/2009,Female,Moira,Hatwell,818676662628094.4,Baryshevo,378768235484847,Al ‘Ulá
Indonesia,42,7/7/1973,Male,Wood,Trunby,269617743278308.4,Atarodangwautu,425521147243298,Dugcal
Philippines,37,9/3/1983,Female,Kattie,McGlone,657888972256360.9,Bontoc,823423464816732,Kadoma
China,58,4/10/2005,Female,Leodora,McGeoch,481551501877682.6,Fuming,140484169829255,Bang Pahan
United States,69,8/19/1964,Male,Darill,Dagwell,492689769088750.9,Greensboro,127132330194756,Isoka
China,66,6/11/2000,Male,Myrwyn,Betts,665839976555157.1,Huagu,223727574909650,Atlantis
Philippines,96,9/1/1977,Male,Hobard,Freund,639255231259246.4,Tobias Fornier,452916125287898,Kabare
Brazil,31,7/24/1972,Female,Kalli,Bernardelli,637111200399357.4,Diamantino,238170469146219,Jocón
Indonesia,88,10/12/2009,Female,Teri,Bugbee,237591244457938.1,Senggreng,304981278980914,Shangqing
China,42,8/28/1963,Male,Neal,Commucci,808448728555856.0,Gaopi,904015649971641,Sumberpandan
Ukraine,38,7/16/1995,Female,Philly,Doogood,295083357901201.3,Yahil’nytsya,558409789533940,Gemena
China,22,12/8/2012,Male,Waldo,Scneider,656143036649788.8,Hualong,872556444536101,Vista Hermosa
Indonesia,47,11/30/2005,Male,Karlens,McGrady,857089359099021.9,Karanganyar,472320213117959,Aībak
Brazil,50,1/13/1969,Female,Dotti,Barents,401931955686675.9,Florianópolis,215225750983692,Kuala Lumpur
Guadeloupe,42,10/22/1957,Female,Remy,Larrad,572729097256115.5,Basse-Terre,430334000829059,Pradera
Czech Republic,41,10/25/1968,Female,Edin,Fumagall,393667014255313.2,Staré Město,826713275883670,Owase
Egypt,66,9/23/1959,Male,Clair,Van den Velden,802519280336266.9,Ash Shuhadā’,884669483425771,Anau
Philippines,37,11/6/2002,Male,Vaughn,Rase,528392678567916.2,Cullalabo del Sur,603400606969068,Melaka
Russia,83,7/30/1969,Female,Scarlett,Lindenfeld,738998407835238.0,Shalya,629712875889390,Tungi
Ukraine,98,7/11/1995,Male,Hart,Ratie,546205812875873.8,Kochetok,633230286518329,Valença do Douro
Indonesia,96,1/2/1991,Male,Chuck,Gotter,983365644561820.6,Bantarmangu,552752467776251,Vnukovo
Sweden,99,8/22/1969,Female,Marcia,Abrahamian,608050836137493.4,Karlskoga,132143680030649,Lap Lae
China,97,11/7/1996,Male,Thorsten,Gwioneth,712543689153334.1,Youhao,438063781883111,Porsgrunn
Colombia,60,8/9/1965,Female,Anatola,Rosewell,746140021890560.0,Ortega,680374115205105,Semiring
Greece,90,6/29/1988,Male,Godfree,Harly,308164356709900.3,Kaparéllion,255025584120436,Bendan
China,80,10/22/1956,Female,Tatum,Renault,430943471590572.9,Xiyuan,802013599505661,Bayramaly
Indonesia,95,2/15/1960,Female,Ollie,Banks,671144344362294.5,Laau,966085936977625,Eger
Colombia,64,10/5/1982,Male,Davon,Springthorp,500360902999017.4,Soacha,680169047811122,San Juan
China,97,9/10/2012,Female,Goldy,Corteis,948713487275505.6,Tonghong,692834366024244,Boliney
China,98,12/7/2016,Male,Giorgi,Dymoke,483856436230655.2,Daxi,284276002877647,Stari Grad
South Africa,89,4/5/2005,Male,Alexandros,Duchant,872675289679627.4,Camperdown,686910363476744,Anding
France,16,2/9/1982,Male,Bond,Fayers,257828387058865.7,Rueil-Malmaison,748073395668914,Al Qurayn
Indonesia,73,5/27/2015,Female,Anne-marie,Nettleship,622681086450373.8,Sumberingin Kulon,573626417940091,Stod
Ireland,54,5/3/1967,Male,Geri,Llewhellin,761414472288273.3,Kanturk,672729040678346,Wenchang
Indonesia,42,6/4/1966,Female,Bibby,Imeson,798744336147404.3,Maria,555818958615715,Aībak
Thailand,97,5/22/1993,Female,Beitris,Lathwood,855516896626175.9,Pa Mok,726811392653830,Moville
South Korea,12,7/6/2006,Male,Tannie,Crowcombe,170653901196973.3,Okcheon,183296147694328,Göteborg
China,25,8/12/2016,Male,Daven,Fenner,321357216550166.6,Yinghai,132949973159317,Shapaja
France,64,3/13/2014,Male,Kimball,Hawkes,551037322526807.9,Lattes,878649019524152,Lederaba
Poland,86,5/13/1964,Female,Silvia,Dunseath,121950559829924.4,Ośno Lubuskie,359735208041910,Sal’sk
Indonesia,76,4/11/1981,Female,Enid,Whitelaw,836016474658968.0,Laau,662597672724674,Nyamanari
Russia,65,7/22/1963,Male,Raffaello,Course,141412814447134.1,Solnechnyy,356764905265196,Guane
Pakistan,86,9/24/1967,Female,Valma,Kernaghan,854195880375657.3,Bhalwāl,297529387723593,Cikiray
Czech Republic,13,7/18/1970,Male,Dunstan,Tollerfield,673477470992074.5,Petřvald,237593734553986,Sidomulyo
Canada,91,8/30/1981,Male,Antonio,Sherrott,757757067057612.1,Summerland,741361979107862,Zaječí
Indonesia,94,4/9/1963,Female,Tiena,Grove,578327818643119.0,Petiga,190583844908132,Pederneiras
Brazil,41,12/30/1971,Female,Ailene,Hazael,273056201733709.9,Frederico Westphalen,442722737130162,Komes
China,22,9/4/1976,Female,Maressa,Woolacott,219651486057829.5,Jiangjing,576514303286502,Muke
Colombia,74,11/16/1994,Male,Anselm,Rutland,280546704339520.2,Oporapa,204375921618505,San Roque
Sweden,91,7/20/2013,Female,Noella,Rubertis,796653232302314.0,Täby,170875592979504,Nancaicun
Poland,42,11/29/1991,Female,Barbee,Siemons,875312671393477.0,Brześć Kujawski,715505329033167,Sieradza
Thailand,69,2/28/1977,Male,Bronnie,Cicchillo,986673221396970.6,Yasothon,934300506950459,Banān
South Africa,74,12/22/1969,Male,Marty,Asmus,330052488314130.5,Benoni,900243751426858,Dayr as Sūdān
Portugal,79,6/23/2015,Female,Charil,Haddinton,653768777807938.0,Chavão,810698252356628,Oxford
Belarus,81,6/7/2007,Male,Oates,Ruckert,942691747628491.4,Klichaw,226893887321041,Sixi
Chad,53,5/8/1961,Male,Byran,Giraldez,705024436519542.8,Moussoro,481922644418788,Ganzi
Kiribati,37,3/4/1981,Male,Morse,Rulf,586228743766087.4,Rawannawi Village,331010144030294,Preobrazhenka
Indonesia,56,3/3/1983,Female,Hyacinthia,Jaye,834129604643724.0,Sulahan,615002382545999,Gan Yavne
China,15,3/1/1961,Male,Cornie,Heindrick,762541696439334.9,Mashui,722808120498670,Dupi
China,68,2/12/2005,Male,Berton,Pulfer,809511266481476.3,Guanjiabao,641041441765963,Brka
Netherlands,95,3/20/2004,Male,Llewellyn,McGragh,226620640297632.7,Winschoten,994304485501144,Coronel Martínez
Greece,39,9/28/2010,Male,Niels,Copsey,322046815914445.0,Vónitsa,696323629618224,Kamenka
Poland,88,9/29/2010,Male,Jedediah,Dhennin,168154755147984.4,Złotoryja,771219009434967,Jiahe
Colombia,11,11/6/2007,Female,Phaedra,Algeo,949184767635734.1,San José del Guaviare,192086290921290,Cẩm Phả Mines
China,71,10/14/2009,Male,Wilburt,Donegan,289997025005578.3,Huapi,169649803135857,La Concepcion
Botswana,29,3/12/2018,Female,Catrina,Clemmey,182153257413944.0,Letlhakeng,982476090981367,Napierville
South Korea,69,12/30/1974,Male,Karim,Dunsmore,608653735110743.4,Nonsan,302086942844354,Złoczew
Indonesia,12,6/26/2018,Female,Yasmin,Cantle,141468140081586.0,Banjar Kertasari,371393683880132,Timbrangan
China,53,11/7/1957,Female,Beverlee,Luis,523193928922311.1,Huanglian,827230605435719,Lampang
Armenia,65,1/19/1996,Male,Finn,Nobriga,144339055560451.3,Nor Yerznka,833593138006666,Głuchów
Poland,47,9/9/1962,Male,Saunderson,Vivien,989658817095324.8,Ciasna,727687534306605,Huangling
Poland,56,11/22/1970,Female,Valene,Erb,468190997377756.9,Suchedniów,941182342896653,Yuecheng
Ivory Coast,47,5/2/1983,Male,Murray,Antoniak,311604053906170.9,Bouaflé,936151496202423,Cireundang
United States,52,7/18/2012,Male,Bearnard,Miettinen,537324458406647.3,Pensacola,595999975107309,Pensilvania
China,36,8/19/1961,Female,Annadiana,Blount,696443568507143.6,Xinjiebu,595192293210408,Contraalmirante Cordero
Indonesia,11,2/23/2014,Female,Margi,Davenall,509967525539304.1,Matangpayang,914097070406036,Tarikolot
Argentina,86,5/19/2006,Male,Lesley,Spalton,929709774934615.0,San Miguel de Tucumán,854049614177852,Ercheng
Canada,99,10/25/1961,Male,Saw,Scriven,164147960137115.2,Jonquière,435553517818026,Kaoma
Russia,22,4/5/1981,Female,Erminie,McClory,624005901414723.3,Novaya Tavolzhanka,297330920833932,Dowr-e Rabāţ
Russia,47,11/9/1981,Female,Celestine,Dunklee,867211874616859.0,Nikitinskiy,466617500330017,Yishan
China,10,3/20/1972,Male,Drugi,Plaistowe,148320123005574.9,Bailu,414860536077627,Cabatuan
Latvia,37,12/29/1979,Female,Jillie,Corss,676818144670112.4,Naukšēni,458138368042193,Śródmieście
Peru,65,2/6/1959,Female,Kathe,Barkworth,987270157270377.8,Totoral,431878827074198,Carpentras
Micronesia,22,1/25/1971,Female,Melissa,Blaxley,369848873311253.8,Nukuoro,568357029182456,Noisy-le-Grand
Serbia,93,12/18/1990,Male,Meredeth,Largan,888080782977508.5,Trstenik,973035638061024,Sungayang
Thailand,65,9/1/1985,Female,Nerta,Eager,235456966073857.8,Waeng Yai,309007160433129,Saint Croix
China,65,8/15/2000,Female,Joyann,Ivanuschka,674787947664855.5,Pancheng,234796652408950,Grenoble
Greece,22,5/17/1988,Female,Kellia,Broodes,679326075444584.0,Sykiés,431117973310917,Ōmihachiman
Dominican Republic,86,3/25/2014,Female,Gabbie,Kerrich,363617278822851.4,Laguna Salada,603124212619710,Tyumen
China,16,1/31/1968,Female,Meade,Willgoss,888293906584442.3,Diancun,485304481816194,Fort Lauderdale
Syria,39,6/29/1959,Male,Valle,Fieldhouse,424802254465229.8,Al Ghāriyah,972908791386674,Independencia
Mongolia,69,11/24/2011,Male,Patrick,Wingfield,899696853913302.0,Jargalant,474546589654147,Malawa
Malta,91,6/15/1995,Male,Klement,Kellart,959502306733496.4,Żebbuġ,322266956077068,Ts’khinvali
Poland,21,5/11/1985,Male,Dewey,Greeve,192041109688167.6,Srokowo,456765816620046,Mungyeong
Colombia,98,5/12/1997,Male,Jon,Elleray,571942259908525.5,Pueblo Nuevo,736615297806838,Shitong
Cuba,64,10/27/1974,Female,Druci,Lazell,367856309900299.3,Río Cauto,442360048136346,Siwalan
Philippines,36,6/6/2001,Female,Chrissie,Joney,923548983198236.1,Dulangan,525680348615570,Charlesland
China,50,11/23/2014,Female,Jade,Firebrace,525783846196293.6,Hanting,447025655304027,Maikawada
Iran,11,1/5/2002,Male,Connor,Grimsditch,261186671279008.9,Qom,664375285217832,Longbei
China,62,1/20/1975,Female,Constance,Besque,873981179015278.4,Dahe,840909612662299,East Angus
Portugal,23,7/2/2010,Male,Abdel,Delhay,718577656097596.0,Carrasqueira,389265465606584,Nong Hin
Germany,71,1/20/1998,Male,Barret,Brooke,724250244008392.3,Düsseldorf,652159057968561,Traganón
Indonesia,75,3/18/2000,Male,Nappy,Smitheram,510754925585725.1,Kadipaten,832549220671032,As Saffānīyah
Croatia,21,8/11/1993,Female,Faydra,Studd,638242794451588.5,Mirkovci,676217652698772,Santo Niño
Philippines,76,7/18/2011,Female,Waly,Lattimore,153607614892855.8,Hingatungan,772793271170574,Kraljevica
Germany,90,4/2/1963,Female,Nathalie,Shurmore,228329743892983.8,Hamburg Sankt Pauli,222297972408071,Borås
Czech Republic,13,7/30/1962,Male,Forester,Ellaman,847796867469153.0,Boršice,740590501130351,Liangdang Chengguanzhen
Estonia,13,8/21/1981,Male,Farrel,Petrie,478461628618473.8,Suure-Jaani,608605400003843,Gouveia
Russia,64,12/16/2013,Female,Pooh,Paxeford,416451722679987.2,Sabnova,729131480948036,Baoshi
Poland,65,7/17/1965,Female,Rozina,Byford,913993976829861.8,Wysoka,144201586360802,Chak
Kazakhstan,53,8/25/2009,Male,Boone,Fominov,872751153887100.1,Zhangaqorghan,952313683817450,Bandar-e Māhshahr
